랭킹,시도,시군구,종합_점수,전력_점수,재해_점수,냉각_점수,신재생_점수,네트워크_점수
1,강원,강릉시,74.743,85.52,40.86,72.0,94.48,66.88
2,충북,청주시청원구,72.833,91.03,76.81,32.48,73.1,89.81
3,강원,춘천시,71.621,66.9,56.74,77.38,82.07,99.36
4,충북,진천군,70.977,89.66,55.03,72.14,46.62,96.82
5,충북,음성군,69.83,93.79,39.35,48.76,73.66,92.99
6,충북,청주시상당구,68.542,74.48,74.33,45.59,71.59,83.44
7,대전,중구,68.15,98.62,71.49,65.31,12.41,75.8
8,대전,서구,68.126,99.31,66.01,65.31,16.41,76.43
9,충북,충주시,67.638,91.72,24.21,40.83,90.34,89.17
10,대전,동구,67.023,97.93,63.3,65.31,15.86,77.07
11,전북,정읍시,66.862,76.55,41.36,58.9,87.03,52.23
12,경북,포항시북구,65.168,90.34,73.96,54.48,29.1,40.76
13,광주,서구,64.647,93.1,73.46,32.0,45.93,35.67
14,전북,군산시,64.127,64.14,44.77,60.14,87.72,63.06
15,강원,원주시,64.091,95.86,51.63,27.59,50.07,93.63
16,경북,포항시남구,63.816,96.55,65.48,40.83,36.97,27.39
17,충남,서천군,63.051,61.72,45.81,80.21,63.86,69.43
18,충남,천안시,62.674,50.0,60.36,77.66,63.17,98.73
19,대구,서구,62.455,97.24,64.21,46.76,19.03,48.41
20,전북,익산시,62.288,54.48,41.79,68.28,89.79,64.97
21,충북,제천시,62.098,83.45,31.55,72.97,38.76,84.71
22,대구,동구,61.572,94.48,60.98,46.76,23.31,45.86
23,대구,달성군,61.47,95.17,44.88,46.76,37.38,47.13
24,경남,고성군,61.182,60.0,49.17,82.07,64.41,21.02
25,경북,영천시,60.984,88.97,58.57,29.38,49.66,46.5
26,경북,상주시,60.582,55.86,22.45,91.17,73.38,72.61
27,경북,경산시,60.294,87.59,50.9,44.28,42.34,42.68
28,대구,북구,60.149,92.41,55.03,46.76,24.97,49.04
29,강원,영월군,60.067,77.93,44.57,39.17,63.17,68.15
30,경북,경주시,59.845,78.62,36.74,44.83,73.38,26.75
31,경북,구미시,59.764,82.07,34.38,48.48,56.41,63.69
32,충북,단양군,59.512,77.24,42.39,68.83,31.59,78.34
33,전북,장수군,59.451,71.72,39.43,59.03,60.69,50.32
34,전북,완주군,59.423,69.66,31.48,57.66,70.48,62.42
35,강원,정선군,59.093,81.38,49.57,45.38,39.31,75.16
36,대전,대덕구,58.474,61.72,71.67,65.31,27.31,80.25
37,충남,청양군,58.102,61.72,38.27,91.45,32.55,80.89
38,세종,연서면,58.012,50.0,80.12,70.28,30.34,87.26
39,광주,북구,57.695,84.14,62.94,32.0,36.41,39.49
40,세종,고운동,57.686,50.0,78.68,70.28,30.48,85.99
41,전북,임실군,57.677,64.83,38.87,62.83,59.86,53.5
42,울산,북구,57.644,84.83,48.5,26.28,59.59,21.66
43,충남,부여군,57.576,61.72,38.88,57.79,65.52,70.7
44,세종,금남면,57.546,50.0,77.02,70.28,32.55,81.53
45,경북,칠곡군,57.161,80.69,51.04,45.38,34.48,54.78
46,세종,전의면,57.155,50.0,80.95,70.28,24.28,91.08
47,충북,괴산군,56.691,79.31,22.36,62.34,38.62,85.35
48,강원,평창군,56.559,34.48,56.74,73.86,71.31,82.17
49,울산,남구,56.219,82.76,65.26,26.28,40.28,17.83
50,강원,홍천군,56.074,53.79,49.66,69.93,42.76,95.54
51,광주,동구,55.68,86.9,69.3,32.0,16.28,35.03
52,경남,진주시,55.614,72.41,42.72,51.59,49.24,31.21
53,전북,부안군,55.536,40.0,45.63,81.38,67.45,52.87
54,충남,서산시,55.435,13.1,55.47,77.45,96.97,97.45
55,충북,증평군,55.395,73.79,59.09,35.79,30.34,90.45
56,충북,옥천군,55.125,70.34,30.44,56.55,46.9,74.52
57,울산,동구,54.951,88.28,68.36,26.28,21.66,15.92
58,전북,전주시,54.485,50.0,50.35,45.24,74.21,60.51
59,광주,남구,54.456,80.0,69.54,32.0,22.62,32.48
60,충남,태안군,54.067,13.1,68.7,66.97,91.03,82.8
61,경북,영주시,53.587,55.17,40.67,57.93,55.59,68.79
62,경남,김해시,53.125,86.21,41.01,19.45,48.41,23.57
63,경남,창녕군,52.809,73.1,30.46,63.31,34.07,33.12
64,경북,의성군,52.762,44.14,21.71,85.1,65.1,58.6
65,부산,강서구,52.664,45.52,60.79,56.21,64.28,9.55
66,경북,김천시,52.404,67.59,24.29,42.9,62.07,57.96
67,강원,동해시,52.219,58.62,36.22,23.31,82.9,64.33
68,충남,보령시,52.136,13.1,53.76,87.45,78.07,73.89
69,전북,김제시,51.944,38.62,30.76,60.69,85.24,61.78
70,경남,창원시,51.822,50.0,62.26,47.45,56.97,19.75
71,전북,고창군,51.753,33.79,39.54,62.34,85.79,47.77
72,강원,횡성군,50.827,75.17,49.86,11.86,37.93,91.72
73,충북,보은군,50.661,68.28,26.06,42.48,45.38,79.62
74,강원,삼척시,50.611,57.24,26.21,38.28,74.07,57.32
75,강원,양양군,50.132,66.21,52.41,39.59,24.97,71.34
76,경남,양산시,49.849,63.45,46.13,36.41,49.93,22.93
77,충북,영동군,49.62,68.97,21.35,52.83,36.83,65.61
78,경북,포항시,48.78,50.0,63.58,34.76,50.9,28.66
79,충남,아산시,48.435,13.1,51.24,79.31,64.97,94.9
80,경남,합천군,48.225,53.1,23.69,42.34,71.17,43.95
81,충남,홍성군,47.896,13.1,57.67,77.17,60.69,84.08
82,경북,영양군,47.751,36.55,43.56,39.31,78.07,55.41
83,충남,당진시,45.898,13.1,33.34,51.31,97.38,98.09
84,전남,나주시,45.881,13.1,54.86,73.1,72.14,25.48
85,전남,해남군,45.768,13.1,59.41,70.21,75.17,4.46
86,경남,밀양시,45.645,71.03,31.26,25.38,40.28,28.03
87,충남,논산시,44.559,13.1,47.28,59.66,74.62,73.25
88,전북,진안군,44.247,43.45,26.53,38.76,65.1,59.24
89,경북,고령군,44.047,75.86,39.34,16.28,20.55,45.22
90,경북,안동시,44.023,32.41,27.83,47.45,72.83,61.15
91,경북,성주군,43.892,59.31,31.3,45.03,25.79,54.14
92,경남,함안군,43.312,65.52,39.11,13.66,41.66,29.94
93,경남,거창군,43.169,41.38,40.18,42.9,46.34,56.05
94,부산,동래구,43.119,28.28,86.68,56.21,19.72,14.01
95,경북,영덕군,42.886,37.24,29.19,56.55,52.69,43.31
96,부산,해운대구,42.781,13.1,70.7,56.21,61.52,10.19
97,경북,문경시,42.688,39.31,23.29,49.79,52.14,77.71
98,강원,속초시,42.579,57.93,59.18,22.07,12.28,71.97
99,경남,함양군,42.171,46.9,31.54,57.79,27.03,49.68
100,대구,군위군,42.112,31.72,51.08,46.76,43.03,56.69
101,부산,기장군,41.874,26.21,67.43,56.21,36.69,12.74
102,경북,예천군,41.777,46.21,30.32,25.1,55.72,67.52
103,경북,청송군,41.643,35.17,52.54,48.41,32.97,50.96
104,경남,거제시,41.52,44.83,51.58,58.21,17.93,5.73
105,경북,봉화군,41.211,37.93,34.98,40.69,47.45,66.24
106,경북,울진군,41.083,33.1,33.34,62.48,38.76,51.59
107,부산,금정구,40.828,26.9,71.32,56.21,25.24,17.2
108,전북,무주군,40.736,42.76,33.06,43.17,37.66,59.87
109,부산,남구,40.512,28.97,70.26,56.21,23.17,8.92
110,전남,화순군,40.342,13.1,39.69,70.34,61.1,30.57
111,경북,청도군,40.34,56.55,42.26,28.07,23.17,36.94
112,충남,예산군,40.332,13.1,50.4,52.14,53.1,92.36
113,충남,계룡시,39.993,13.1,61.91,84.34,11.03,78.98
114,전남,무안군,39.892,13.1,64.2,38.55,67.72,24.2
115,전북,남원시,39.849,13.1,27.88,58.21,79.72,42.04
116,전남,영광군,39.822,13.1,56.9,27.03,83.17,36.31
117,광주,광산구,39.68,13.1,60.41,32.0,74.62,33.76
118,전남,강진군,39.6,13.1,69.71,50.21,53.24,7.64
119,전남,영암군,39.55,13.1,76.27,21.1,72.83,18.47
120,경남,하동군,38.519,27.59,25.82,31.03,80.14,29.3
121,전남,구례군,37.818,13.1,48.47,89.79,18.34,38.22
122,부산,사하구,37.735,13.1,76.62,56.21,30.21,10.83
123,경남,사천시,37.675,35.86,31.28,39.1,49.66,22.29
124,경남,산청군,37.649,41.38,27.95,35.03,43.45,37.58
125,울산,울주군,37.426,13.1,52.18,26.28,80.97,19.11
126,부산,영도구,36.992,13.1,83.24,56.21,20.83,7.01
127,전북,순창군,36.763,29.66,45.6,46.07,29.1,44.59
128,부산,부산진구,36.6,13.1,81.48,56.21,19.03,13.38
129,충남,공주시,36.563,13.1,41.12,37.93,59.17,86.62
130,부산,사상구,36.424,13.1,77.5,56.21,21.66,15.29
131,부산,서구,36.131,13.1,78.63,56.21,19.86,12.1
132,전남,고흥군,36.107,13.1,24.84,58.76,72.41,6.37
133,전남,여수시,35.692,13.1,55.61,29.17,69.79,3.82
134,전남,순천시,34.825,13.1,46.09,18.62,80.28,24.84
135,전남,곡성군,34.809,30.34,60.88,23.72,26.62,38.85
136,부산,북구,33.58,13.1,64.76,56.21,19.86,16.56
137,경남,의령군,33.255,41.38,28.71,20.97,35.59,34.39
138,경남,통영시,33.106,31.03,55.05,34.62,20.28,5.1
139,전남,광양시,32.674,13.1,38.39,38.14,57.38,26.11
140,전남,장흥군,31.384,13.1,54.88,34.76,40.69,14.65
141,전남,보성군,31.047,13.1,42.1,38.62,46.48,20.38
142,전남,장성군,30.914,13.1,53.19,22.62,45.79,40.13
143,전남,함평군,30.54,13.1,55.46,31.45,34.9,31.85
144,전남,담양군,27.928,13.1,66.77,12.55,27.03,41.4
