랭킹,시도,시군구,N_전력가용량,전력_점수,전력가용량_신규,전력가용량_신규,N_지진,N_홍수,N_산사태,N_해안,N_산불,재해_점수,N_취수여유율,N_냉각일수,냉각_점수,N_발전량,N_접근성,신재생_점수,네트워크_점수,종합_점수
1,강원,강릉시,0.8551724137931035,85.52,3964975.0,3964975.0,0.8482758620689655,0.1310344827586207,0.5586206896551724,0.04827586206896552,0.020689655172413793,40.86,0.6758620689655173,0.7862068965517242,72.0,0.9793103448275862,0.8068965517241379,94.48,66.88,74.743
2,충북,청주시청원구,0.9103448275862069,91.03,4896125.0,4896125.0,0.4896551724137931,0.9379310344827586,0.9517241379310345,0.596551724137931,0.9620689655172414,76.81,0.29310344827586204,0.3724137931034483,32.48,0.7620689655172413,0.6068965517241379,73.1,89.81,72.833
3,강원,춘천시,0.6689655172413793,66.9,1808650.0,1808650.0,0.9758620689655172,0.32068965517241377,0.27586206896551724,0.596551724137931,0.5379310344827586,56.74,0.6827586206896552,0.9103448275862069,77.38,0.9448275862068966,0.32413793103448274,82.07,99.36,71.621
4,충북,진천군,0.896551724137931,89.66,4820800.0,4820800.0,0.3793103448275862,0.603448275862069,0.593103448275862,0.596551724137931,0.7448275862068966,55.03,0.696551724137931,0.7586206896551724,72.14,0.4,0.7310344827586207,46.62,96.82,70.977
5,충북,음성군,0.9379310344827586,93.79,6097825.0,6097825.0,0.06896551724137931,0.5172413793103449,0.3620689655172414,0.596551724137931,0.7862068965517242,39.35,0.29310344827586204,0.7793103448275862,48.76,0.7724137931034483,0.593103448275862,73.66,92.99,69.83
6,충북,청주시상당구,0.7448275862068966,74.48,2419200.0,2419200.0,0.4068965517241379,0.9379310344827586,0.9517241379310345,0.596551724137931,0.9620689655172414,74.33,0.29310344827586204,0.7,45.59,0.7620689655172413,0.5310344827586206,71.59,83.44,68.542
7,대전,중구,0.9862068965517241,98.62,17176000.0,17176000.0,0.4413793103448276,0.9379310344827586,0.7931034482758621,0.596551724137931,0.903448275862069,71.49,0.7137931034482758,0.5620689655172414,65.31,0.06896551724137931,0.3448275862068966,12.41,75.8,68.15
8,대전,서구,0.993103448275862,99.31,17952000.0,17952000.0,0.4482758620689655,0.8241379310344827,0.7827586206896552,0.596551724137931,0.6931034482758621,66.01,0.7137931034482758,0.5620689655172414,65.31,0.1103448275862069,0.3793103448275862,16.41,76.43,68.126
9,충북,충주시,0.9172413793103448,91.72,5252250.0,5252250.0,0.013793103448275862,0.20689655172413793,0.10344827586206896,0.596551724137931,0.7655172413793103,24.21,0.1103448275862069,0.8551724137931035,40.83,0.9517241379310345,0.7103448275862069,90.34,89.17,67.638
10,대전,동구,0.9793103448275862,97.93,12576000.0,12576000.0,0.4,0.9379310344827586,0.7827586206896552,0.596551724137931,0.3413793103448276,63.3,0.7137931034482758,0.5620689655172414,65.31,0.08275862068965517,0.46206896551724136,15.86,77.07,67.023
11,전북,정읍시,0.7655172413793103,76.55,2631450.0,2631450.0,0.04827586206896552,0.5275862068965518,0.5586206896551724,0.596551724137931,0.6551724137931034,41.36,0.6275862068965518,0.5310344827586206,58.9,0.9172413793103448,0.6827586206896552,87.03,52.23,66.862
12,경북,포항시북구,0.903448275862069,90.34,4832000.0,4832000.0,0.6137931034482759,0.9379310344827586,0.9517241379310345,0.04827586206896552,0.9620689655172414,73.96,0.4482758620689655,0.6896551724137931,54.48,0.32068965517241377,0.1724137931034483,29.1,40.76,65.168
13,광주,서구,0.9310344827586207,93.1,5722200.0,5722200.0,0.7172413793103448,0.8241379310344827,0.7517241379310344,0.596551724137931,0.6931034482758621,73.46,0.2482758620689655,0.42758620689655175,32.0,0.38620689655172413,0.7517241379310344,45.93,35.67,64.647
14,전북,군산시,0.6413793103448275,64.14,1537250.0,1537250.0,0.8206896551724138,0.04482758620689655,0.32413793103448274,0.14482758620689656,0.896551724137931,44.77,0.6482758620689655,0.5310344827586206,60.14,0.993103448275862,0.41379310344827586,87.72,63.06,64.127
15,강원,원주시,0.9586206896551724,95.86,6986100.0,6986100.0,0.5724137931034483,0.5482758620689655,0.296551724137931,0.596551724137931,0.593103448275862,51.63,0.13793103448275862,0.4827586206896552,27.59,0.5379310344827586,0.35172413793103446,50.07,93.63,64.091
16,경북,포항시남구,0.9655172413793104,96.55,7320600.0,7320600.0,0.3310344827586207,0.9379310344827586,0.9517241379310345,0.04827586206896552,0.9620689655172414,65.48,0.4482758620689655,0.3482758620689655,40.83,0.32068965517241377,0.5655172413793104,36.97,27.39,63.816
17,충남,서천군,0.6172413793103448,61.72,1472000.0,1472000.0,0.5103448275862069,0.6517241379310345,0.3758620689655172,0.14482758620689656,0.3586206896551724,45.81,0.7896551724137931,0.8206896551724138,80.21,0.6068965517241379,0.7655172413793103,63.86,69.43,63.051
18,충남,천안시,0.5,50.0,853812.5,853812.5,0.7034482758620689,0.2413793103448276,0.9517241379310345,0.596551724137931,0.5655172413793104,60.36,0.8137931034482758,0.7206896551724138,77.66,0.6206896551724138,0.6758620689655173,63.17,98.73,62.674
19,대구,서구,0.9724137931034482,97.24,8863800.0,8863800.0,0.2206896551724138,0.9379310344827586,0.8862068965517241,0.596551724137931,0.6931034482758621,64.21,0.6,0.2689655172413793,46.76,0.06206896551724138,0.7034482758620689,19.03,48.41,62.455
20,전북,익산시,0.5448275862068965,54.48,987000.0,987000.0,0.1793103448275862,0.4793103448275862,0.4379310344827586,0.596551724137931,0.6689655172413793,41.79,0.8206896551724138,0.47586206896551725,68.28,0.9586206896551724,0.6551724137931034,89.79,64.97,62.288
21,충북,제천시,0.8344827586206897,83.45,3372600.0,3372600.0,0.08275862068965517,0.5,0.27586206896551724,0.596551724137931,0.2827586206896552,31.55,0.6689655172413793,0.8206896551724138,72.97,0.3793103448275862,0.4206896551724138,38.76,84.71,62.098
22,대구,동구,0.9448275862068966,94.48,6209400.0,6209400.0,0.36551724137931035,0.7586206896551724,0.9517241379310345,0.596551724137931,0.3413793103448276,60.98,0.6,0.2689655172413793,46.76,0.13793103448275862,0.6137931034482759,23.31,45.86,61.572
23,대구,달성군,0.9517241379310345,95.17,6508400.0,6508400.0,0.14482758620689656,0.7275862068965517,0.6275862068965518,0.596551724137931,0.15862068965517243,44.88,0.6,0.2689655172413793,46.76,0.36551724137931035,0.4068965517241379,37.38,47.13,61.47
24,경남,고성군,0.6,60.0,1383250.0,1383250.0,0.593103448275862,0.696551724137931,0.2413793103448276,0.14482758620689656,0.5586206896551724,49.17,0.7379310344827587,0.9448275862068966,82.07,0.6827586206896552,0.4896551724137931,64.41,21.02,61.182
25,경북,영천시,0.8896551724137931,88.97,4818975.0,4818975.0,0.6068965517241379,0.5,0.8862068965517241,0.596551724137931,0.20689655172413793,58.57,0.0896551724137931,0.6,29.38,0.593103448275862,0.1103448275862069,49.66,46.5,60.984
26,경북,상주시,0.5586206896551724,55.86,1011350.0,1011350.0,0.10344827586206896,0.3413793103448276,0.06206896551724138,0.596551724137931,0.1724137931034483,22.45,0.9586206896551724,0.8413793103448276,91.17,0.8827586206896552,0.13793103448275862,73.38,72.61,60.582
27,경북,경산시,0.8758620689655172,87.59,4080375.0,4080375.0,0.3724137931034483,0.4517241379310345,0.8551724137931035,0.596551724137931,0.3103448275862069,50.9,0.5793103448275863,0.23793103448275862,44.28,0.4689655172413793,0.2413793103448276,42.34,42.68,60.294
28,대구,북구,0.9241379310344827,92.41,5476675.0,5476675.0,0.3448275862068966,0.7586206896551724,0.8344827586206897,0.596551724137931,0.09310344827586207,55.03,0.6,0.2689655172413793,46.76,0.14482758620689656,0.6689655172413793,24.97,49.04,60.149
29,강원,영월군,0.7793103448275862,77.93,2781300.0,2781300.0,0.696551724137931,0.4103448275862069,0.21379310344827587,0.596551724137931,0.1310344827586207,44.57,0.013793103448275862,0.9586206896551724,39.17,0.7103448275862069,0.31724137931034485,63.17,68.15,60.067
30,경북,경주시,0.7862068965517242,78.62,2819600.0,2819600.0,0.027586206896551724,0.5655172413793104,0.8,0.04827586206896552,0.38620689655172413,36.74,0.3931034482758621,0.5310344827586206,44.83,0.7379310344827587,0.7172413793103448,73.38,26.75,59.845
31,경북,구미시,0.8206896551724138,82.07,3081400.0,3081400.0,0.041379310344827586,0.603448275862069,0.2413793103448276,0.596551724137931,0.45517241379310347,34.38,0.5689655172413793,0.3586206896551724,48.48,0.6896551724137931,0.06206896551724138,56.41,63.69,59.764
32,충북,단양군,0.7724137931034483,77.24,2671800.0,2671800.0,0.7793103448275862,0.1103448275862069,0.15517241379310345,0.596551724137931,0.4896551724137931,42.39,0.5586206896551724,0.8827586206896552,68.83,0.296551724137931,0.3931034482758621,31.59,78.34,59.512
33,전북,장수군,0.7172413793103448,71.72,2134575.0,2134575.0,0.35172413793103446,0.2620689655172414,0.3482758620689655,0.596551724137931,0.6620689655172414,39.43,0.4,0.8758620689655172,59.03,0.6482758620689655,0.4413793103448276,60.69,50.32,59.451
34,전북,완주군,0.696551724137931,69.66,1914750.0,1914750.0,0.15172413793103448,0.2413793103448276,0.41379310344827586,0.596551724137931,0.43448275862068964,31.48,0.6482758620689655,0.4689655172413793,57.66,0.7448275862068966,0.5448275862068965,70.48,62.42,59.423
35,강원,정선군,0.8137931034482758,81.38,2923650.0,2923650.0,0.8137931034482758,0.1310344827586207,0.5724137931034483,0.596551724137931,0.2620689655172414,49.57,0.10344827586206896,0.9793103448275862,45.38,0.4206896551724138,0.2827586206896552,39.31,75.16,59.093
36,대전,대덕구,0.6172413793103448,61.72,1472000.0,1472000.0,0.45517241379310347,0.9379310344827586,0.7689655172413793,0.596551724137931,0.9241379310344827,71.67,0.7137931034482758,0.5620689655172414,65.31,0.2206896551724138,0.4827586206896552,27.31,80.25,58.474
37,충남,청양군,0.6172413793103448,61.72,1472000.0,1472000.0,0.41379310344827586,0.2793103448275862,0.30689655172413793,0.596551724137931,0.4413793103448276,38.27,0.9862068965517241,0.8068965517241379,91.45,0.2620689655172414,0.5793103448275863,32.55,80.89,58.102
38,세종,연서면,0.5,50.0,853812.5,853812.5,0.6,0.9379310344827586,0.9517241379310345,0.596551724137931,0.9620689655172414,80.12,0.7551724137931034,0.6241379310344828,70.28,0.16896551724137931,0.8413793103448276,30.34,87.26,58.012
39,광주,북구,0.8413793103448276,84.14,3535575.0,3535575.0,0.6206896551724138,0.8241379310344827,0.7310344827586207,0.596551724137931,0.09310344827586207,62.94,0.2482758620689655,0.42758620689655175,32.0,0.23448275862068965,0.8827586206896552,36.41,39.49,57.695
40,세종,고운동,0.5,50.0,853812.5,853812.5,0.5517241379310345,0.9379310344827586,0.9517241379310345,0.596551724137931,0.9620689655172414,78.68,0.7551724137931034,0.6241379310344828,70.28,0.16896551724137931,0.8482758620689655,30.48,85.99,57.686
41,전북,임실군,0.6482758620689655,64.83,1579675.0,1579675.0,0.2620689655172414,0.20689655172413793,0.6793103448275862,0.596551724137931,0.4068965517241379,38.87,0.4724137931034483,0.8620689655172413,62.83,0.6551724137931034,0.3724137931034483,59.86,53.5,57.677
42,울산,북구,0.8482758620689655,84.83,3812875.0,3812875.0,0.15862068965517243,0.7379310344827587,0.8137931034482758,0.596551724137931,0.09310344827586207,48.5,0.32068965517241377,0.17586206896551723,26.28,0.5103448275862069,0.9379310344827586,59.59,21.66,57.644
43,충남,부여군,0.6172413793103448,61.72,1472000.0,1472000.0,0.2827586206896552,0.6517241379310345,0.18620689655172415,0.596551724137931,0.21379310344827587,38.88,0.4827586206896552,0.7206896551724138,57.79,0.6689655172413793,0.6,65.52,70.7,57.576
44,세종,금남면,0.5,50.0,853812.5,853812.5,0.496551724137931,0.9379310344827586,0.9517241379310345,0.596551724137931,0.9620689655172414,77.02,0.7551724137931034,0.6241379310344828,70.28,0.16896551724137931,0.9517241379310345,32.55,81.53,57.546
45,경북,칠곡군,0.8068965517241379,80.69,2914675.0,2914675.0,0.20689655172413793,0.7275862068965517,0.3896551724137931,0.596551724137931,0.9137931034482759,51.04,0.4482758620689655,0.46206896551724136,45.38,0.41379310344827586,0.06896551724137931,34.48,54.78,57.161
46,세종,전의면,0.5,50.0,853812.5,853812.5,0.6275862068965518,0.9379310344827586,0.9517241379310345,0.596551724137931,0.9620689655172414,80.95,0.7551724137931034,0.6241379310344828,70.28,0.16896551724137931,0.5379310344827586,24.28,91.08,57.155
47,충북,괴산군,0.7931034482758621,79.31,2831000.0,2831000.0,0.006896551724137931,0.06206896551724138,0.19310344827586207,0.596551724137931,0.7931034482758621,22.36,0.9103448275862069,0.19310344827586207,62.34,0.4068965517241379,0.30344827586206896,38.62,85.35,56.691
48,강원,평창군,0.3448275862068966,34.48,428625.0,428625.0,0.9758620689655172,0.20689655172413793,0.593103448275862,0.596551724137931,0.25517241379310346,56.74,0.5689655172413793,0.993103448275862,73.86,0.8551724137931035,0.14482758620689656,71.31,82.17,56.559
49,울산,남구,0.8275862068965517,82.76,3114375.0,3114375.0,0.47586206896551725,0.696551724137931,0.8551724137931035,0.596551724137931,0.7172413793103448,65.26,0.32068965517241377,0.17586206896551723,26.28,0.25517241379310346,0.993103448275862,40.28,17.83,56.219
50,강원,홍천군,0.5379310344827586,53.79,915000.0,915000.0,0.9517241379310345,0.16551724137931034,0.25862068965517243,0.596551724137931,0.3724137931034483,49.66,0.5172413793103449,0.9724137931034482,69.93,0.496551724137931,0.15172413793103448,42.76,95.54,56.074
51,광주,동구,0.8689655172413793,86.9,4008600.0,4008600.0,0.6551724137931034,0.9379310344827586,0.7,0.596551724137931,0.3413793103448276,69.3,0.2482758620689655,0.42758620689655175,32.0,0.0896551724137931,0.45517241379310347,16.28,35.03,55.68
52,경남,진주시,0.7241379310344828,72.41,2144625.0,2144625.0,0.296551724137931,0.696551724137931,0.13793103448275862,0.596551724137931,0.4827586206896552,42.72,0.5241379310344828,0.503448275862069,51.59,0.4896551724137931,0.503448275862069,49.24,31.21,55.614
53,전북,부안군,0.4,40.0,672750.0,672750.0,0.2,0.603448275862069,0.593103448275862,0.14482758620689656,0.8620689655172413,45.63,0.9655172413793104,0.5862068965517241,81.38,0.696551724137931,0.5862068965517241,67.45,52.87,55.536
54,충남,서산시,0.1310344827586207,13.1,0.0,0.0,0.7724137931034483,0.603448275862069,0.3896551724137931,0.596551724137931,0.13793103448275862,55.47,0.7896551724137931,0.7517241379310344,77.45,0.9724137931034482,0.9586206896551724,96.97,97.45,55.435
55,충북,증평군,0.7379310344827587,73.79,2413800.0,2413800.0,0.19310344827586207,0.9379310344827586,0.6448275862068965,0.596551724137931,0.7379310344827587,59.09,0.29310344827586204,0.45517241379310347,35.79,0.18620689655172415,0.7724137931034483,30.34,90.45,55.395
56,충북,옥천군,0.7034482758620689,70.34,1960000.0,1960000.0,0.27586206896551724,0.15172413793103448,0.46206896551724136,0.596551724137931,0.15172413793103448,30.44,0.4896551724137931,0.6793103448275862,56.55,0.45517241379310347,0.5241379310344828,46.9,74.52,55.125
57,울산,동구,0.8827586206896552,88.28,4323000.0,4323000.0,0.5655172413793104,0.8620689655172413,0.8862068965517241,0.596551724137931,0.3413793103448276,68.36,0.32068965517241377,0.17586206896551723,26.28,0.027586206896551724,0.9724137931034482,21.66,15.92,54.951
58,전북,전주시,0.5,50.0,853812.5,853812.5,0.12413793103448276,0.4103448275862069,0.9517241379310345,0.596551724137931,0.8137931034482758,50.35,0.6482758620689655,0.15862068965517243,45.24,0.8275862068965517,0.4,74.21,60.51,54.485
59,광주,남구,0.8,80.0,2887875.0,2887875.0,0.7310344827586207,0.6517241379310345,0.7448275862068966,0.596551724137931,0.7172413793103448,69.54,0.2482758620689655,0.42758620689655175,32.0,0.12413793103448276,0.6344827586206897,22.62,32.48,54.456
60,충남,태안군,0.1310344827586207,13.1,0.0,0.0,0.8551724137931035,0.8620689655172413,0.593103448275862,0.14482758620689656,0.5862068965517241,68.7,0.7896551724137931,0.4896551724137931,66.97,0.9655172413793104,0.6896551724137931,91.03,82.8,54.067
61,경북,영주시,0.5517241379310345,55.17,995100.0,995100.0,0.6413793103448275,0.4103448275862069,0.11379310344827587,0.596551724137931,0.1103448275862069,40.67,0.38620689655172413,0.8689655172413793,57.93,0.6413793103448275,0.21379310344827587,55.59,68.79,53.587
62,경남,김해시,0.8620689655172413,86.21,4002750.0,4002750.0,0.22758620689655173,0.5793103448275863,0.4862068965517241,0.596551724137931,0.18620689655172415,41.01,0.1724137931034483,0.22758620689655173,19.45,0.4482758620689655,0.6275862068965518,48.41,23.57,53.125
63,경남,창녕군,0.7310344827586207,73.1,2279000.0,2279000.0,0.020689655172413793,0.10344827586206896,0.7137931034482758,0.596551724137931,0.47586206896551725,30.46,0.9172413793103448,0.20689655172413793,63.31,0.3586206896551724,0.2689655172413793,34.07,33.12,52.809
64,경북,의성군,0.4413793103448276,44.14,722675.0,722675.0,0.1724137931034483,0.020689655172413793,0.4379310344827586,0.596551724137931,0.006896551724137931,21.71,0.9448275862068966,0.7103448275862069,85.1,0.7931034482758621,0.08275862068965517,65.1,58.6,52.762
65,부산,강서구,0.45517241379310347,45.52,787500.0,787500.0,0.7931034482758621,0.4103448275862069,0.6275862068965518,0.596551724137931,0.5517241379310345,60.79,0.8655172413793103,0.10689655172413794,56.21,0.6758620689655173,0.5103448275862069,64.28,9.55,52.664
66,경북,김천시,0.6758620689655173,67.59,1813650.0,1813650.0,0.13793103448275862,0.20689655172413793,0.12413793103448276,0.596551724137931,0.42758620689655175,24.29,0.2689655172413793,0.6689655172413793,42.9,0.7517241379310344,0.09655172413793103,62.07,57.96,52.404
67,강원,동해시,0.5862068965517241,58.62,1299925.0,1299925.0,0.3586206896551724,0.09655172413793103,0.7586206896551724,0.04827586206896552,0.6,36.22,0.3793103448275862,0.013793103448275862,23.31,0.8,0.9448275862068966,82.9,64.33,52.219
68,충남,보령시,0.1310344827586207,13.1,0.0,0.0,0.9275862068965517,0.5586206896551724,0.3758620689655172,0.14482758620689656,0.1793103448275862,53.76,0.9241379310344827,0.8,87.45,0.7862068965517242,0.7586206896551724,78.07,73.89,52.136
69,전북,김제시,0.38620689655172413,38.62,620750.0,620750.0,0.034482758620689655,0.11724137931034483,0.5206896551724138,0.596551724137931,0.7586206896551724,30.76,0.6482758620689655,0.5448275862068965,60.69,0.9103448275862069,0.6206896551724138,85.24,61.78,51.944
70,경남,창원시,0.5,50.0,853812.5,853812.5,0.32413793103448274,0.6344827586206897,0.9517241379310345,0.596551724137931,0.8206896551724138,62.26,0.6896551724137931,0.15172413793103448,47.45,0.6344827586206897,0.3103448275862069,56.97,19.75,51.822
71,전북,고창군,0.33793103448275863,33.79,422500.0,422500.0,0.3103448275862069,0.20689655172413793,0.6655172413793103,0.596551724137931,0.36551724137931035,39.54,0.6482758620689655,0.5862068965517241,62.34,0.8482758620689655,0.896551724137931,85.79,47.77,51.753
72,강원,횡성군,0.7517241379310344,75.17,2430900.0,2430900.0,0.8827586206896552,0.1793103448275862,0.21379310344827587,0.596551724137931,0.6068965517241379,49.86,0.19310344827586207,0.006896551724137931,11.86,0.4413793103448276,0.1310344827586207,37.93,91.72,50.827
73,충북,보은군,0.6827586206896552,68.28,1848000.0,1848000.0,0.09655172413793103,0.15172413793103448,0.21379310344827587,0.596551724137931,0.6482758620689655,26.06,0.08275862068965517,0.9379310344827586,42.48,0.47586206896551725,0.36551724137931035,45.38,79.62,50.661
74,강원,삼척시,0.5724137931034483,57.24,1185825.0,1185825.0,0.3931034482758621,0.2413793103448276,0.2413793103448276,0.04827586206896552,0.22758620689655173,26.21,0.20344827586206896,0.6517241379310345,38.28,0.7172413793103448,0.8344827586206897,74.07,57.32,50.611
75,강원,양양군,0.6620689655172414,66.21,1678900.0,1678900.0,0.9758620689655172,0.5,0.3620689655172414,0.04827586206896552,0.19310344827586207,52.41,0.4068965517241379,0.3793103448275862,39.59,0.15172413793103448,0.6413793103448275,24.97,71.34,50.132
76,경남,양산시,0.6344827586206897,63.45,1509600.0,1509600.0,0.46206896551724136,0.4103448275862069,0.4862068965517241,0.596551724137931,0.3931034482758621,46.13,0.46206896551724136,0.21724137931034482,36.41,0.42758620689655175,0.7862068965517242,49.93,22.93,49.849
77,충북,영동군,0.6896551724137931,68.97,1888000.0,1888000.0,0.2689655172413793,0.027586206896551724,0.09655172413793103,0.596551724137931,0.2896551724137931,21.35,0.36551724137931035,0.7724137931034483,52.83,0.3310344827586207,0.5172413793103449,36.83,65.61,49.62
78,경북,포항시,0.5,50.0,853812.5,853812.5,0.6620689655172414,0.2793103448275862,0.9517241379310345,0.596551724137931,0.8551724137931035,63.58,0.5517241379310345,0.041379310344827586,34.76,0.5724137931034483,0.25517241379310346,50.9,28.66,48.78
79,충남,아산시,0.1310344827586207,13.1,0.0,0.0,0.6482758620689655,0.1793103448275862,0.593103448275862,0.596551724137931,0.6758620689655173,51.24,0.9862068965517241,0.503448275862069,79.31,0.6275862068965518,0.7379310344827587,64.97,94.9,48.435
80,경남,합천군,0.5310344827586206,53.1,862125.0,862125.0,0.11724137931034483,0.2793103448275862,0.25862068965517243,0.596551724137931,0.04827586206896552,23.69,0.21379310344827587,0.7379310344827587,42.34,0.8206896551724138,0.27586206896551724,71.17,43.95,48.225
81,충남,홍성군,0.1310344827586207,13.1,0.0,0.0,0.7655172413793103,0.8620689655172413,0.506896551724138,0.14482758620689656,0.034482758620689655,57.67,0.7896551724137931,0.7448275862068966,77.17,0.5517241379310345,0.8275862068965517,60.69,84.08,47.896
82,경북,영양군,0.36551724137931035,36.55,514800.0,514800.0,0.2896551724137931,0.5724137931034483,0.41379310344827586,0.596551724137931,0.3793103448275862,43.56,0.020689655172413793,0.9517241379310345,39.31,0.9241379310344827,0.20689655172413793,78.07,55.41,47.751
83,충남,당진시,0.1310344827586207,13.1,0.0,0.0,0.6896551724137931,0.08620689655172414,0.33448275862068966,0.14482758620689656,0.16551724137931034,33.34,0.4206896551724138,0.6517241379310345,51.31,0.9862068965517241,0.9241379310344827,97.38,98.09,45.898
84,전남,나주시,0.1310344827586207,13.1,0.0,0.0,0.8689655172413793,0.04482758620689655,0.5413793103448276,0.596551724137931,0.803448275862069,54.86,0.9862068965517241,0.3482758620689655,73.1,0.8758620689655172,0.10344827586206896,72.14,25.48,45.881
85,전남,해남군,0.1310344827586207,13.1,0.0,0.0,0.9758620689655172,0.5379310344827586,0.3482758620689655,0.14482758620689656,0.6206896551724138,59.41,0.9724137931034482,0.296551724137931,70.21,0.9379310344827586,0.006896551724137931,75.17,4.46,45.768
86,경남,밀양시,0.7103448275862069,71.03,2018250.0,2018250.0,0.18620689655172415,0.1793103448275862,0.6551724137931034,0.596551724137931,0.06206896551724138,31.26,0.16551724137931034,0.38620689655172413,25.38,0.33793103448275863,0.6620689655172414,40.28,28.03,45.645
87,충남,논산시,0.1310344827586207,13.1,0.0,0.0,0.33793103448275863,0.603448275862069,0.21379310344827587,0.596551724137931,0.8344827586206897,47.28,0.7896551724137931,0.30689655172413793,59.66,0.8137931034482758,0.47586206896551725,74.62,73.25,44.559
88,전북,진안군,0.43448275862068964,43.45,715000.0,715000.0,0.1310344827586207,0.07241379310344828,0.4379310344827586,0.596551724137931,0.4,26.53,0.04827586206896552,0.896551724137931,38.76,0.7310344827586207,0.3310344827586207,65.1,59.24,44.247
89,경북,고령군,0.7586206896551724,75.86,2520300.0,2520300.0,0.07586206896551724,0.6517241379310345,0.4,0.596551724137931,0.41379310344827586,39.34,0.006896551724137931,0.39655172413793105,16.28,0.22758620689655173,0.11724137931034483,20.55,45.22,44.047
90,경북,안동시,0.32413793103448274,32.41,392675.0,392675.0,0.21379310344827587,0.3,0.14482758620689656,0.596551724137931,0.296551724137931,27.83,0.33793103448275863,0.6793103448275862,47.45,0.8689655172413793,0.16551724137931034,72.83,61.15,44.023
91,경북,성주군,0.593103448275862,59.31,1364250.0,1364250.0,0.1103448275862069,0.4517241379310345,0.33448275862068966,0.596551724137931,0.2,31.3,0.506896551724138,0.36551724137931035,45.03,0.30344827586206896,0.07586206896551724,25.79,54.14,43.892
92,경남,함안군,0.6551724137931034,65.52,1640275.0,1640275.0,0.06206896551724138,0.5,0.506896551724138,0.596551724137931,0.5793103448275863,39.11,0.06896551724137931,0.23793103448275862,13.66,0.46206896551724136,0.23448275862068965,41.66,29.94,43.312
93,경남,거창군,0.41379310344827586,41.38,686375.0,686375.0,0.2413793103448276,0.696551724137931,0.1310344827586207,0.596551724137931,0.4206896551724138,40.18,0.15862068965517243,0.8344827586206897,42.9,0.5172413793103449,0.2482758620689655,46.34,56.05,43.169
94,부산,동래구,0.2827586206896552,28.28,60900.0,60900.0,0.8620689655172413,0.9379310344827586,0.8862068965517241,0.596551724137931,0.9620689655172414,86.68,0.8655172413793103,0.10689655172413794,56.21,0.041379310344827586,0.8206896551724138,19.72,14.01,43.119
95,경북,영덕군,0.3724137931034483,37.24,527650.0,527650.0,0.5172413793103449,0.05517241379310345,0.5413793103448276,0.04827586206896552,0.06896551724137931,29.19,0.5379310344827586,0.6068965517241379,56.55,0.6137931034482759,0.1793103448275862,52.69,43.31,42.886
96,부산,해운대구,0.1310344827586207,13.1,0.0,0.0,0.903448275862069,0.6275862068965518,0.8137931034482758,0.04827586206896552,0.8689655172413793,70.7,0.8655172413793103,0.10689655172413794,56.21,0.5655172413793104,0.8137931034482758,61.52,10.19,42.781
97,경북,문경시,0.3931034482758621,39.31,651000.0,651000.0,0.05517241379310345,0.3413793103448276,0.0896551724137931,0.596551724137931,0.31724137931034485,23.29,0.22758620689655173,0.903448275862069,49.79,0.5862068965517241,0.2620689655172414,52.14,77.71,42.688
98,강원,속초시,0.5793103448275863,57.93,1222500.0,1222500.0,0.9758620689655172,0.36551724137931035,0.41379310344827586,0.04827586206896552,0.9620689655172414,59.18,0.3448275862068966,0.034482758620689655,22.07,0.10344827586206896,0.2,12.28,71.97,42.579
99,경남,함양군,0.4689655172413793,46.9,845500.0,845500.0,0.30344827586206896,0.4103448275862069,0.06896551724137931,0.596551724137931,0.2689655172413793,31.54,0.496551724137931,0.7,57.79,0.2827586206896552,0.2206896551724138,27.03,49.68,42.171
100,대구,군위군,0.31724137931034485,31.72,381375.0,381375.0,0.2482758620689655,0.9379310344827586,0.5586206896551724,0.596551724137931,0.07586206896551724,51.08,0.6,0.2689655172413793,46.76,0.5241379310344828,0.05517241379310345,43.03,56.69,42.112
101,부산,기장군,0.2620689655172414,26.21,46650.0,46650.0,0.9103448275862069,0.7827586206896552,0.6448275862068965,0.04827586206896552,0.5241379310344828,67.43,0.8655172413793103,0.10689655172413794,56.21,0.21379310344827587,0.9793103448275862,36.69,12.74,41.874
102,경북,예천군,0.46206896551724136,46.21,842550.0,842550.0,0.25517241379310346,0.35172413793103446,0.16896551724137931,0.596551724137931,0.2482758620689655,30.32,0.027586206896551724,0.5862068965517241,25.1,0.5793103448275863,0.4689655172413793,55.72,67.52,41.777
103,경북,청송군,0.35172413793103446,35.17,431550.0,431550.0,0.4206896551724138,0.46551724137931033,0.7310344827586207,0.596551724137931,0.503448275862069,52.54,0.18620689655172415,0.9310344827586207,48.41,0.2689655172413793,0.5724137931034483,32.97,50.96,41.643
104,경남,거제시,0.4482758620689655,44.83,739750.0,739750.0,0.8896551724137931,0.32068965517241377,0.2896551724137931,0.14482758620689656,0.7517241379310344,51.58,0.9517241379310345,0.027586206896551724,58.21,0.19310344827586207,0.12413793103448276,17.93,5.73,41.52
105,경북,봉화군,0.3793103448275862,37.93,601175.0,601175.0,0.6344827586206897,0.15172413793103448,0.15517241379310345,0.596551724137931,0.14482758620689656,34.98,0.034482758620689655,0.9655172413793104,40.69,0.5448275862068965,0.19310344827586207,47.45,66.24,41.211
106,경북,울진군,0.3310344827586207,33.1,417850.0,417850.0,0.6758620689655173,0.4103448275862069,0.08275862068965517,0.04827586206896552,0.013793103448275862,33.34,0.5310344827586206,0.7655172413793103,62.48,0.3103448275862069,0.696551724137931,38.76,51.59,41.083
107,부산,금정구,0.2689655172413793,26.9,47450.0,47450.0,0.7862068965517242,0.8620689655172413,0.7137931034482758,0.596551724137931,0.32413793103448274,71.32,0.8655172413793103,0.10689655172413794,56.21,0.09655172413793103,0.8758620689655172,25.24,17.2,40.828
108,전북,무주군,0.42758620689655175,42.76,698750.0,698750.0,0.23448275862068965,0.4793103448275862,0.1793103448275862,0.596551724137931,0.23448275862068965,33.06,0.06206896551724138,0.9862068965517241,43.17,0.2482758620689655,0.8896551724137931,37.66,59.87,40.736
109,부산,남구,0.2896551724137931,28.97,113250.0,113250.0,0.8758620689655172,0.696551724137931,0.8344827586206897,0.04827586206896552,0.7172413793103448,70.26,0.8655172413793103,0.10689655172413794,56.21,0.07586206896551724,0.8551724137931035,23.17,8.92,40.512
110,전남,화순군,0.1310344827586207,13.1,0.0,0.0,0.7103448275862069,0.07241379310344828,0.16896551724137931,0.596551724137931,0.496551724137931,39.69,0.7310344827586207,0.6620689655172414,70.34,0.7241379310344828,0.15862068965517243,61.1,30.57,40.342
111,경북,청도군,0.5655172413793104,56.55,1106000.0,1106000.0,0.16551724137931034,0.46551724137931033,0.7689655172413793,0.596551724137931,0.2206896551724138,42.26,0.20344827586206896,0.39655172413793105,28.07,0.2,0.3586206896551724,23.17,36.94,40.34
112,충남,예산군,0.1310344827586207,13.1,0.0,0.0,0.6689655172413793,0.36551724137931035,0.30689655172413793,0.596551724137931,0.6275862068965518,50.4,0.27586206896551724,0.8896551724137931,52.14,0.4827586206896552,0.7241379310344828,53.1,92.36,40.332
113,충남,계룡시,0.1310344827586207,13.1,0.0,0.0,0.38620689655172413,0.7965517241379311,0.6137931034482759,0.596551724137931,0.8482758620689655,61.91,0.7896551724137931,0.9241379310344827,84.34,0.013793103448275862,0.496551724137931,11.03,78.98,39.993
114,전남,무안군,0.1310344827586207,13.1,0.0,0.0,0.9379310344827586,0.4103448275862069,0.5310344827586206,0.596551724137931,0.6344827586206897,64.2,0.43103448275862066,0.31724137931034485,38.55,0.8344827586206897,0.04827586206896552,67.72,24.2,39.892
115,전북,남원시,0.1310344827586207,13.1,0.0,0.0,0.5310344827586206,0.006896551724137931,0.04827586206896552,0.596551724137931,0.30344827586206896,27.88,0.3586206896551724,0.9172413793103448,58.21,0.8896551724137931,0.42758620689655175,79.72,42.04,39.849
116,전남,영광군,0.1310344827586207,13.1,0.0,0.0,0.9172413793103448,0.2413793103448276,0.7,0.14482758620689656,0.6137931034482759,56.9,0.41379310344827586,0.05517241379310345,27.03,0.9310344827586207,0.43448275862068964,83.17,36.31,39.822
117,광주,광산구,0.1310344827586207,13.1,0.0,0.0,0.7517241379310344,0.2793103448275862,0.6896551724137931,0.596551724137931,0.803448275862069,60.41,0.2482758620689655,0.42758620689655175,32.0,0.7034482758620689,0.9172413793103448,74.62,33.76,39.68
118,전남,강진군,0.1310344827586207,13.1,0.0,0.0,0.9275862068965517,0.603448275862069,0.45517241379310347,0.596551724137931,0.8275862068965517,69.71,0.6206896551724138,0.32413793103448274,50.21,0.6620689655172414,0.013793103448275862,53.24,7.64,39.6
119,전남,영암군,0.1310344827586207,13.1,0.0,0.0,0.9448275862068966,0.7965517241379311,0.4689655172413793,0.596551724137931,0.8896551724137931,76.27,0.1310344827586207,0.3310344827586207,21.1,0.903448275862069,0.027586206896551724,72.83,18.47,39.55
120,경남,하동군,0.27586206896551724,27.59,58650.0,58650.0,0.5379310344827586,0.034482758620689655,0.006896551724137931,0.596551724137931,0.12413793103448276,25.82,0.35172413793103446,0.2482758620689655,31.03,0.8068965517241379,0.7793103448275862,80.14,29.3,38.519
121,전남,구례군,0.1310344827586207,13.1,0.0,0.0,0.5862068965517241,0.7586206896551724,0.034482758620689655,0.596551724137931,0.27586206896551724,48.47,0.9310344827586207,0.8482758620689655,89.79,0.11724137931034483,0.4482758620689655,18.34,38.22,37.818
122,부산,사하구,0.1310344827586207,13.1,0.0,0.0,0.8413793103448276,0.6689655172413793,0.8137931034482758,0.596551724137931,0.8793103448275862,76.62,0.8655172413793103,0.10689655172413794,56.21,0.1310344827586207,0.9862068965517241,30.21,10.83,37.735
123,경남,사천시,0.3586206896551724,35.86,494450.0,494450.0,0.7241379310344828,0.1310344827586207,0.07586206896551724,0.14482758620689656,0.2413793103448276,31.28,0.506896551724138,0.21724137931034482,39.1,0.3931034482758621,0.9103448275862069,49.66,22.29,37.675
124,경남,산청군,0.41379310344827586,41.38,686375.0,686375.0,0.31724137931034485,0.4103448275862069,0.013793103448275862,0.596551724137931,0.027586206896551724,27.95,0.05517241379310345,0.7931034482758621,35.03,0.3448275862068966,0.7931034482758621,43.45,37.58,37.649
125,울산,울주군,0.1310344827586207,13.1,0.0,0.0,0.42758620689655175,0.696551724137931,0.6793103448275862,0.596551724137931,0.041379310344827586,52.18,0.32068965517241377,0.17586206896551723,26.28,0.7793103448275862,0.9310344827586207,80.97,19.11,37.426
126,부산,영도구,0.1310344827586207,13.1,0.0,0.0,0.896551724137931,0.9379310344827586,0.8551724137931035,0.596551724137931,0.6413793103448275,83.24,0.8655172413793103,0.10689655172413794,56.21,0.034482758620689655,0.903448275862069,20.83,7.01,36.992
127,전북,순창군,0.296551724137931,29.66,121875.0,121875.0,0.4689655172413793,0.2413793103448276,0.6275862068965518,0.596551724137931,0.46206896551724136,45.6,0.2206896551724138,0.8206896551724138,46.07,0.2896551724137931,0.296551724137931,29.1,44.59,36.763
128,부산,부산진구,0.1310344827586207,13.1,0.0,0.0,0.8068965517241379,0.8241379310344827,0.8862068965517241,0.596551724137931,0.9137931034482759,81.48,0.8655172413793103,0.10689655172413794,56.21,0.020689655172413793,0.8689655172413793,19.03,13.38,36.6
129,충남,공주시,0.1310344827586207,13.1,0.0,0.0,0.4827586206896552,0.32068965517241377,0.27586206896551724,0.596551724137931,0.4689655172413793,41.12,0.14482758620689656,0.7310344827586207,37.93,0.6,0.5586206896551724,59.17,86.62,36.563
130,부산,사상구,0.1310344827586207,13.1,0.0,0.0,0.7448275862068966,0.7586206896551724,0.8862068965517241,0.596551724137931,0.8793103448275862,77.5,0.8655172413793103,0.10689655172413794,56.21,0.05517241379310345,0.8620689655172413,21.66,15.29,36.424
131,부산,서구,0.1310344827586207,13.1,0.0,0.0,0.8344827586206897,0.8241379310344827,0.8344827586206897,0.596551724137931,0.6931034482758621,78.63,0.8655172413793103,0.10689655172413794,56.21,0.006896551724137931,0.9655172413793104,19.86,12.1,36.131
132,전남,고흥군,0.1310344827586207,13.1,0.0,0.0,0.503448275862069,0.013793103448275862,0.05517241379310345,0.14482758620689656,0.5448275862068965,24.84,0.9379310344827586,0.06206896551724138,58.76,0.896551724137931,0.034482758620689655,72.41,6.37,36.107
133,전남,여수시,0.1310344827586207,13.1,0.0,0.0,0.7586206896551724,0.8241379310344827,0.020689655172413793,0.14482758620689656,0.7724137931034483,55.61,0.4724137931034483,0.020689655172413793,29.17,0.8620689655172413,0.041379310344827586,69.79,3.82,35.692
134,전남,순천시,0.1310344827586207,13.1,0.0,0.0,0.5448275862068965,0.7827586206896552,0.041379310344827586,0.596551724137931,0.11724137931034483,46.09,0.11724137931034483,0.2896551724137931,18.62,0.8413793103448276,0.6482758620689655,80.28,24.84,34.825
135,전남,곡성군,0.30344827586206896,30.34,148125.0,148125.0,0.6827586206896552,0.696551724137931,0.4379310344827586,0.596551724137931,0.5310344827586206,60.88,0.09655172413793103,0.4482758620689655,23.72,0.27586206896551724,0.22758620689655173,26.62,38.85,34.809
136,부산,북구,0.1310344827586207,13.1,0.0,0.0,0.7379310344827587,0.7586206896551724,0.7310344827586207,0.596551724137931,0.09310344827586207,64.76,0.8655172413793103,0.10689655172413794,56.21,0.04827586206896552,0.8,19.86,16.56,33.58
137,경남,의령군,0.41379310344827586,41.38,686375.0,686375.0,0.0896551724137931,0.08620689655172414,0.5206896551724138,0.596551724137931,0.5172413793103449,28.71,0.12413793103448276,0.33793103448275863,20.97,0.3724137931034483,0.2896551724137931,35.59,34.39,33.255
138,경남,통영시,0.3103448275862069,31.03,314650.0,314650.0,0.9758620689655172,0.32068965517241377,0.31724137931034485,0.14482758620689656,0.7793103448275862,55.05,0.5448275862068965,0.04827586206896552,34.62,0.20689655172413793,0.18620689655172415,20.28,5.1,33.106
139,전남,광양시,0.1310344827586207,13.1,0.0,0.0,0.5586206896551724,0.3,0.027586206896551724,0.596551724137931,0.5103448275862069,38.39,0.43103448275862066,0.30689655172413793,38.14,0.5310344827586206,0.7448275862068966,57.38,26.11,32.674
140,전남,장흥군,0.1310344827586207,13.1,0.0,0.0,0.8,0.4103448275862069,0.21379310344827587,0.596551724137931,0.7310344827586207,54.88,0.15172413793103448,0.6413793103448275,34.76,0.503448275862069,0.020689655172413793,40.69,14.65,31.384
141,전남,보성군,0.1310344827586207,13.1,0.0,0.0,0.43448275862068964,0.5482758620689655,0.11379310344827587,0.596551724137931,0.4482758620689655,42.1,0.3724137931034483,0.4068965517241379,38.62,0.5586206896551724,0.0896551724137931,46.48,20.38,31.047
142,전남,장성군,0.1310344827586207,13.1,0.0,0.0,0.5241379310344828,0.5275862068965518,0.4862068965517241,0.596551724137931,0.5724137931034483,53.19,0.041379310344827586,0.503448275862069,22.62,0.43448275862068964,0.5517241379310345,45.79,40.13,30.914
143,전남,함평군,0.1310344827586207,13.1,0.0,0.0,0.8275862068965517,0.36551724137931035,0.6655172413793103,0.596551724137931,0.05517241379310345,55.46,0.1793103448275862,0.5172413793103449,31.45,0.35172413793103446,0.33793103448275863,34.9,31.85,30.54
144,전남,담양군,0.1310344827586207,13.1,0.0,0.0,0.5793103448275863,0.8620689655172413,0.4862068965517241,0.596551724137931,0.8413793103448276,66.77,0.07586206896551724,0.2,12.55,0.2413793103448276,0.38620689655172413,27.03,41.4,27.928
