시도,시군구,연평균기온_C,평균풍속_ms,연간_15도이하_일수,취수여유량_m3년,취수여유율_%,N_기온,N_풍속,N_냉각일수,N_취수여유율,냉각_종합
강원,평창군,10.306959833795014,1.385156987285746,224.0,6836129.0,43.7,0.9879899993050597,0.133891980827965,1.0,0.5448666127728375,0.7277328429834493
충남,계룡시,11.254131054131054,2.5231256517205423,204.5,20748794.0,55.9,0.8321575250347799,0.4431357263677561,0.7636363636363637,0.6434923201293451,0.7040850309262203
충남,청양군,13.083494475138124,1.1021289021227547,195.25,657000.0,100.0,0.5311831899679526,0.056978909419069926,0.6515151515151515,1.0,0.6953558782353231
충남,아산시,13.93901098901099,2.041674334772092,184.75,4380000.0,100.0,0.3904301220183224,0.312301009032062,0.5242424242424243,1.0,0.6532076223571878
전남,구례군,12.665848007414272,2.078169965574852,196.33333333333337,6202316.0,65.7,0.5998960911185598,0.32221872110798144,0.6646464646464652,0.7227162489894907,0.6342064919714554
전북,무주군,10.233961397058822,2.399396960523001,221.5,338025.0,6.3,1.0,0.40951237179527505,0.9696969696969697,0.24252223120452707,0.6318995236007323
경북,상주시,12.986529209621994,1.8682814773132683,196.125,33341633.0,71.5,0.5471363111346751,0.2651813840667771,0.6621212121212121,0.7696038803556993,0.6309248263136024
강원,홍천군,11.589975635224503,1.179194523252927,214.83333333333337,5633273.0,40.8,0.7769030040797513,0.07792154349632884,0.8888888888888894,0.5214227970897332,0.6272099521872294
부산,서구,12.598618784530386,4.572299168975069,169.8,638966794.0,60.1,0.6109569172082159,1.0,0.3430303030303032,0.677445432497979,0.622871308767717
강원,춘천시,11.960041336548398,1.128054344090675,202.5,40798426.0,50.1,0.7160182847790433,0.06402416561065069,0.7393939393939394,0.5966046887631365,0.6077285653788206
전남,나주시,14.519432918395571,1.6689997548932318,180.25,730000.0,100.0,0.2949367376810752,0.21102644273594387,0.4696969696969697,1.0,0.603523059517311
충남,예산군,12.176837725381414,3.846520230094858,200.25,2661388.0,27.7,0.6803500582120192,0.8027690880181775,0.7121212121212122,0.4155214227970897,0.5930147378085018
충남,보령시,14.080386073767665,3.156688028162736,194.875,3318375.0,65.4,0.367170516167981,0.6153067258402124,0.646969696969697,0.7202910266774455,0.5891921774993332
경북,의성군,13.263844552394172,1.3543269687470314,188.75,6252339.0,70.2,0.5015112593072267,0.12551390267349433,0.5727272727272728,0.7590945836701698,0.5811880560730399
강원,정선군,11.599236641221374,2.12527397260274,215.25,943543.0,15.0,0.7753793455819643,0.33501926651708697,0.8939393939393939,0.31285367825384,0.5700450804157128
충남,태안군,13.817705120296113,3.9272789403985553,184.6428571428571,20748794.0,55.9,0.41038785854946236,0.8247153215479753,0.5229437229437226,0.6434923201293451,0.5675735623601188
충북,괴산군,12.199464954521131,1.4983714925026137,172.66666666666666,621814.0,60.2,0.6766273341395208,0.1646580983291771,0.37777777777777766,0.6782538399353274,0.5663111016044605
충북,단양군,12.434705075445816,1.5472275290773203,198.0,3861845.0,43.5,0.6379246695058469,0.1779347589392435,0.6848484848484848,0.5432497978981407,0.5634404928746316
충남,서천군,13.819257221458049,2.7360640914629006,195.75,20748794.0,55.9,0.4101325005326759,0.5010018897634171,0.6575757575757576,0.6434923201293451,0.562052018703034
충북,제천시,12.56013698630137,1.1436798838095783,195.75,16476870.0,48.3,0.6172880996846741,0.06827041647833557,0.6575757575757576,0.582053354890865,0.5563499650247332
전북,남원시,11.92544704264099,1.190633608815427,203.0,2494857.0,32.5,0.7217098791808582,0.08103012264745564,0.7454545454545455,0.45432497978981407,0.5554368770258377
충남,서산시,13.95125,3.189385474860335,190.5,20748794.0,55.9,0.38841650998694977,0.624192278845642,0.593939393939394,0.6434923201293451,0.555128987720266
전북,부안군,14.743679342240494,3.0508016580514745,186.25,786301.0,71.8,0.2580428009526996,0.5865320339544015,0.5424242424242425,0.7720291026677445,0.5533625332331963
충남,홍성군,13.90712802768166,2.9747039849395343,190.0,20748794.0,55.9,0.39567563692031704,0.5658524403983809,0.5878787878787879,0.6434923201293451,0.5502606207434289
경남,고성군,14.372945205479452,2.2479675052740955,205.28571428571428,8550196.0,55.8,0.3190374939791968,0.3683613160678483,0.773160173160173,0.6426839126919968,0.5442529795093772
세종,전의면,13.203163686382394,1.6114990176669668,187.2,11379851.42857143,55.885714285714286,0.5114947230025486,0.19540057894295332,0.5539393939393938,0.6433768333525811,0.5411270869239712
충남,천안시,13.595342465753426,1.3803867403314918,189.0,9204124.0,59.6,0.44697186986517856,0.13259566302819845,0.5757575757575758,0.6734033953112368,0.5318640005383835
경북,문경시,12.266826923076923,1.83890178892324,200.5,4892048.0,26.4,0.6655446681902306,0.2571974341000732,0.7151515151515152,0.4050121261115602,0.5304182973420036
충북,진천군,13.273713109128346,1.4757315471499868,190.75,148295.0,52.1,0.49988764408291975,0.1585056780398716,0.5969696969696969,0.612772837510105,0.5303199354268445
세종,연서면,13.55363511659808,1.6114990176669668,187.2,11379851.42857143,55.885714285714286,0.4538337331424708,0.19540057894295332,0.5539393939393938,0.6433768333525811,0.5238287899659478
강원,강릉시,13.88041425525434,2.3765451492817435,194.1875,39246649.0,49.0,0.40007069577035836,0.4033023768090558,0.6386363636363637,0.587712206952304,0.5231636019202074
경북,청송군,12.141111873713108,1.3666867149850113,204.75,1210553.0,22.9,0.6862278211141797,0.12887267197884478,0.7666666666666667,0.37671786580436534,0.5227760931872178
전북,임실군,13.12931506849315,1.5750474716928051,196.75,2010761.0,38.5,0.5236445989701044,0.1854948469486858,0.6696969696969697,0.5028294260307195,0.5107140287375816
세종,금남면,13.848968363136176,1.6114990176669668,187.2,11379851.42857143,55.885714285714286,0.4052443022621933,0.19540057894295332,0.5539393939393938,0.6433768333525811,0.5092519607018646
대전,동구,13.380958904109589,1.094642857142857,185.9,264983593.0,53.8,0.4822431282570685,0.054944571689732956,0.5381818181818182,0.6265157639450283,0.5084100648604689
전남,해남군,15.202292950034222,2.558747878444765,177.75,5714021.0,75.4,0.1825898187440964,0.45281609030127234,0.4393939393939394,0.8011317704122879,0.5083900506970592
경북,영주시,12.587054794520547,0.972110415844561,197.25,5919031.0,33.9,0.6128594720335521,0.021646298827325144,0.6757575757575758,0.4656426839126919,0.50743106020939
전북,장수군,12.953488372093023,1.449514563106796,197.5,6607884.0,34.8,0.5525723245539542,0.15138119509437675,0.6787878787878788,0.4729183508488278,0.5058347329727308
대전,중구,13.635841313269491,1.4444444444444444,185.9,264983593.0,53.8,0.4403088342090865,0.15000338695740528,0.5381818181818182,0.6265157639450283,0.5053356581728415
대전,대덕구,13.517606602475928,1.11557719054242,185.9,264983593.0,53.8,0.4597612913066059,0.06063349079022069,0.5381818181818182,0.6265157639450283,0.5022344056853788
충북,보은군,11.922527472527474,1.608653846153846,205.0,410220.0,9.9,0.7221902187697589,0.19462740168164655,0.7696969696969697,0.2716248989490703,0.4987091593181143
전남,화순군,13.924982746721875,1.4497407262630868,187.625,1620890.0,54.8,0.39273810568446477,0.15144265508333804,0.5590909090909091,0.6345998383185125,0.49862381435926006
경북,울진군,13.78024116196218,2.1841961449355543,190.9,6041895.0,41.9,0.41655158185290486,0.35103140625082085,0.5987878787878789,0.5303152789005658,0.49195230249875566
충북,음성군,12.86835616438356,1.9014238672286616,193.75,37069094.0,28.0,0.5665786227634273,0.27418785068918355,0.6333333333333333,0.41794664510913504,0.4912376966082673
전북,익산시,14.180756806645132,1.2654420201307175,184.33333333333337,27382340.0,60.0,0.35065711361435636,0.10135935844808455,0.5191919191919196,0.6766370250606306,0.48982626379175154
세종,고운동,14.2707182320442,1.6114990176669668,187.2,11379851.42857143,55.885714285714286,0.335856292804108,0.19540057894295332,0.5539393939393938,0.6433768333525811,0.48843555786443893
전북,군산시,14.79270148737461,3.656076788538727,185.5,33777630.0,47.8,0.24997747759165445,0.7510159554224242,0.5333333333333333,0.5780113177041228,0.4879660325680546
충남,논산시,13.874023154848048,1.6729974814271067,178.0,20748794.0,55.9,0.4011221856892232,0.21211282759487432,0.44242424242424244,0.6434923201293451,0.4874297150028409
충북,영동군,13.251823812801105,1.5886212624584717,193.5,3529678.0,32.6,0.5034889604378436,0.18918353366628798,0.6303030303030303,0.45513338722716246,0.47807900244945295
대전,서구,14.521477428180576,2.032147742818057,185.9,264983593.0,53.8,0.2946003665882605,0.30971215129795365,0.5381818181818182,0.6265157639450283,0.47759399432064853
전북,김제시,14.616559926806952,2.9315498597516627,185.66666666666663,33777630.0,47.8,0.2789570059132056,0.5541252780206553,0.5353535353535349,0.5780113177041228,0.47737486372838334
광주,동구,12.897042640990373,2.309952746839795,183.3,39968032.0,27.2,0.5618590065718054,0.385205846913947,0.5066666666666668,0.4114793856103476,0.4730033742404088
충북,옥천군,13.402142363510713,1.174477050940841,188.25,4243881.0,39.0,0.4787579390735225,0.07663956724086286,0.5666666666666667,0.5068714632174616,0.467373257066461
경남,함양군,13.704115226337448,1.62702014245955,188.5,2552813.0,39.5,0.42907613142730316,0.1996184549845866,0.5696969696969697,0.5109135004042037,0.46698947902772503
충북,충주시,12.430927364093192,1.472325268276662,196.66666666666663,3041692.0,15.2,0.6385461939932036,0.1575800194782071,0.6686868686868682,0.31447049312853675,0.46684743113457017
강원,원주시,12.063699651914469,1.4788517202997469,184.41666666666663,5941838.0,17.8,0.6989639957388285,0.1593535871798335,0.5202020202020198,0.3354890864995958,0.4638605960798742
대구,군위군,13.395327530920753,1.4005748816814798,176.4,178879450.0,44.7,0.47987914314035895,0.13808180394022243,0.4230303030303031,0.5529506871463218,0.4635582588007193
경북,포항시북구,14.04762773722628,2.3243698105360213,188.33333333333337,132899027.0,37.9,0.3725600513719871,0.38912369361434024,0.5676767676767681,0.4979789814066289,0.46340733087103536
전북,정읍시,14.248765432098766,1.7551273015259512,185.5,15594967.0,47.5,0.33946805703343463,0.23443166112838867,0.5333333333333333,0.5755860953920776,0.462184688046367
충남,당진시,13.756602475928473,1.853668757960281,187.5,327473.0,37.4,0.4204407149410324,0.2612103678108207,0.5575757575757576,0.49393694421988676,0.461343180466498
전북,순창군,13.234201507882112,1.5886550385163454,195.75,688854.0,24.8,0.5063882539540652,0.18919271233260182,0.6575757575757576,0.3920776071139854,0.4591819417802255
부산,영도구,15.119724137931032,3.113793103448276,169.8,638966794.0,60.1,0.19617437664803372,0.6036500013644682,0.3430303030303032,0.677445432497979,0.4588015467361092
경북,경주시,13.946797349530646,2.590829715462189,185.5,15445322.0,34.1,0.38914907821199984,0.4615343509644453,0.5333333333333333,0.4672594987873888,0.4564686247416667
전북,완주군,14.16554794520548,1.3523603943582243,184.25,33777630.0,47.8,0.35315933756087137,0.12497948476825316,0.5181818181818182,0.5780113177041228,0.4532866404630995
경남,거창군,12.916438356164385,1.205890410958904,196.0,1916023.0,21.1,0.5586679443637123,0.08517616883243709,0.6606060606060606,0.36216653193209375,0.453105825086407
전북,고창군,14.787568681318682,2.21300033202106,186.25,33777630.0,47.8,0.25082194778930345,0.3588589633531729,0.5424242424242425,0.5780113177041228,0.450821856238606
경남,창녕군,14.933971728226174,1.6618502469562662,173.66666666666666,1504946.0,63.4,0.22673512108841598,0.2090835591730719,0.3898989898989898,0.7041228779304769,0.44855784139582067
경북,영덕군,14.310684931506849,1.7880658436213992,187.0,6134276.0,42.5,0.3292808083172888,0.24338273196940838,0.5515151515151515,0.5351657235246564,0.4474918354050203
경북,칠곡군,13.789563218390803,1.5740003061930077,184.16666666666663,132899027.0,37.9,0.41501787908895893,0.18521027902385787,0.5171717171717167,0.4979789814066289,0.4456523276260684
강원,영월군,11.18628808864266,1.306258692628651,208.5,-1318407.0,-18.6,0.8433193265622153,0.11245131649422385,0.8121212121212121,0.041228779304769585,0.44315668376423717
경남,진주시,14.113520933424846,1.506009948789075,184.75,33576471.0,41.8,0.36171903384449455,0.16673385393299286,0.5242424242424243,0.5295068714632174,0.44184032898041947
강원,양양군,14.22633744855967,2.660356652949245,181.6,3992835.0,35.8,0.3431580004066618,0.48042834272043716,0.48606060606060597,0.481002425222312,0.44060332569508825
경북,안동시,13.348928077455048,1.1564949659347237,188.25,12053575.0,29.5,0.4875129705657576,0.07175292361551434,0.5666666666666667,0.43007275666936134,0.4387916195323566
경남,합천군,13.323840830449829,1.515986967802397,189.625,1717326.0,24.7,0.4916404268160287,0.16944511552167096,0.5833333333333334,0.391269199676637,0.4376109861342972
부산,강서구,15.703038674033149,3.3908713692946058,169.8,638966794.0,60.1,0.10020508884982149,0.6789462053953118,0.3430303030303032,0.677445432497979,0.4375403807997299
충남,부여군,13.999589603283177,1.1236694677871149,189.0,14076362.0,38.6,0.38046348119645435,0.06283257254291442,0.5757575757575758,0.5036378334680679,0.43702895015197013
전북,진안군,12.458298850574712,1.4958808535706851,200.33333333333337,76492.0,2.6,0.634042925343046,0.1639812655338915,0.7131313131313136,0.21261115602263542,0.4342817291916198
경북,봉화군,12.610714285714286,1.4764216366158114,213.75,-205418.0,-5.0,0.608966915995597,0.15869321031368439,0.8757575757575757,0.1511721907841552,0.43417978729522483
경북,김천시,13.445379876796714,1.4397371567826114,188.0,5464465.0,27.3,0.4716443269493479,0.14872417838745622,0.5636363636363636,0.412287793047696,0.4340081058699011
부산,남구,15.503017832647464,2.873103448275862,169.8,638966794.0,60.1,0.1331133338952062,0.5382424266179645,0.3430303030303032,0.677445432497979,0.4333424764356106
부산,사하구,15.46643550624133,2.727638888888889,169.8,638966794.0,60.1,0.13913200751623134,0.49871233532984843,0.3430303030303032,0.677445432497979,0.4311950693931065
전남,고흥군,15.5789780521262,2.3019128236998325,168.375,5809753.0,66.0,0.1206160486173814,0.3830209924242244,0.32575757575757575,0.725141471301536,0.42969501749976646
전남,강진군,14.96111111111111,2.443440858348235,179.5,1627880.0,46.9,0.22227003906910836,0.42148133048221054,0.46060606060606063,0.570735650767987,0.4292446171973605
경북,구미시,14.337072503419972,1.573734610123119,180.5,63853631.0,43.7,0.3249394173069623,0.18513807593919002,0.4727272727272727,0.5448666127728375,0.4284877324405973
충북,청주시상당구,13.628669175504616,1.3472477682399453,188.5,37069094.0,28.0,0.44148882358134733,0.12359012520170795,0.5696969696969697,0.41794664510913504,0.425923711577623
경남,거제시,15.782178559117543,2.221178500788056,164.375,1039956.0,71.2,0.08718467201136282,0.3610813861844892,0.2772727272727273,0.767178658043654,0.42458954889386485
강원,횡성군,10.869291338582675,0.9747263390964152,141.5,10345872.0,23.6,0.8954729254436924,0.022357177720330326,0.0,0.38237671786580435,0.4238282825514625
부산,금정구,14.934112792297112,1.3864197530864195,169.8,638966794.0,60.1,0.22671191265182822,0.13423513827873168,0.3430303030303032,0.677445432497979,0.4210213212286738
충북,청주시청원구,13.7260492040521,1.9147826086956523,181.5,37069094.0,28.0,0.42546746390819234,0.27781809761606335,0.48484848484848486,0.41794664510913504,0.41957040394741507
경북,포항시남구,14.720013708019192,2.4857513090240104,180.25,132899027.0,37.9,0.2619363676666171,0.43297922374709413,0.4696969696969697,0.4979789814066289,0.41500981917674
경북,영양군,12.543131868131868,1.574862637362637,207.75,-241757.0,-9.2,0.6200858511183293,0.18544461809586066,0.803030303030303,0.11721907841552141,0.4120639091173541
경북,성주군,14.409752747252746,1.4128275862068964,181.0,347472.0,39.7,0.3129817670069349,0.14141148458860314,0.47878787878787876,0.5125303152789006,0.4088053804300768
부산,사상구,15.797264021887823,2.476685393258427,169.8,638966794.0,60.1,0.08470275011748296,0.4305155550752597,0.3430303030303032,0.677445432497979,0.40804661414802307
충북,증평군,13.78221614227086,1.3546494992846925,184.0,37069094.0,28.0,0.41622665003326265,0.12560155056278555,0.5151515151515151,0.41794664510913504,0.4076371111402144
부산,부산진구,15.43191196698762,1.7572214580467675,169.8,638966794.0,60.1,0.14481196107369287,0.2350007495633198,0.3430303030303032,0.677445432497979,0.40652789688369206
전남,보성군,14.41190150478796,1.631311722347634,183.16666666666663,1257356.0,33.6,0.3126282446488544,0.2007846946890283,0.5050505050505046,0.4632174616006467,0.4001640285139188
전남,광양시,14.47087912087912,1.7097626686204714,178.0,40486246.0,37.5,0.3029250065808866,0.22210379180019768,0.44242424242424244,0.49474535165723527,0.3994708703020284
충남,공주시,13.55871264367816,1.3218430643430643,189.33333333333337,200434.0,18.3,0.45299835766750396,0.11668637992915878,0.5797979797979803,0.3395311236863379,0.39934019072729826
부산,기장군,15.59575923392613,1.733241758241758,169.8,638966794.0,60.1,0.11785514010906062,0.22848425010566198,0.3430303030303032,0.677445432497979,0.3977892006485367
강원,삼척시,14.149454828660437,1.751477117627578,187.5,4538315.0,24.5,0.35580704276568575,0.2334397212130637,0.5575757575757576,0.3896523848019402,0.39746219038693975
대구,달성군,14.919023722627736,1.6922173141025931,176.4,178879450.0,44.7,0.22919442796746592,0.21733582997707748,0.4230303030303031,0.5529506871463218,0.3962782468525369
부산,해운대구,15.71473829201102,1.8270976616231085,169.8,638966794.0,60.1,0.0982802199577304,0.2539896546126352,0.3430303030303032,0.677445432497979,0.3944672650538349
경남,산청군,13.187835051546392,1.6988416247331712,194.5,152127.0,3.8,0.514016652556988,0.21913599082072996,0.6424242424242425,0.2223120452708165,0.39352826144234454
경북,경산시,14.911776859504132,1.629330289193303,175.5,16096610.0,44.1,0.23038671146067502,0.20024623890431967,0.4121212121212121,0.5481002425222312,0.39080497676176934
전남,무안군,15.142646048109963,2.399250297433384,179.25,40486246.0,37.5,0.19240317044846533,0.4094725160025955,0.4575757575757576,0.49474535165723527,0.3880814949128448
경북,청도군,14.16609589041096,1.7003550391349955,183.0,33558375.0,24.5,0.3530691873796781,0.2195472621964725,0.503030303030303,0.3896523848019402,0.38434249696038736
강원,속초시,13.824728260869565,1.8591730851323889,166.33333333333334,5844856.0,30.2,0.4092323828031441,0.2627061724006813,0.3010101010101011,0.4357316087308003,0.3835349957753517
부산,동래구,15.75184678522572,1.467128987517337,169.8,638966794.0,60.1,0.09217497922624274,0.1561679267070163,0.3430303030303032,0.677445432497979,0.3828535200438267
부산,북구,16.04205479452055,1.981917808219178,169.8,638966794.0,60.1,0.0444287732916695,0.29606213298106865,0.3430303030303032,0.677445432497979,0.3825190788908599
경남,창원시,15.397399635036496,1.88817119503888,170.0,112645668.0,50.4,0.15049007075999943,0.2705864281593157,0.34545454545454546,0.5990299110751819,0.3809085375649133
경남,통영시,15.71405455386038,3.5464377497894297,167.5,281101.0,42.8,0.09839271134838878,0.7212214733247515,0.3151515151515151,0.5375909458367016,0.37970664210197547
전남,장흥군,14.109951624049756,1.5104176087093395,187.25,14627652.0,20.0,0.3623062711880859,0.16793163846380435,0.5545454545454546,0.3532740501212611,0.3777037561604015
울산,북구,14.22078729281768,1.9973442636826544,172.6,28044597.0,28.5,0.3440711346777313,0.3002542825692101,0.3769696969696969,0.42198868229587716,0.3774361809725307
경남,양산시,14.798632010943912,1.6782668500687756,174.5,10393700.0,38.4,0.2490017636534767,0.21354478204696722,0.4,0.502021018593371,0.37686341473808815
대구,서구,15.317920656634746,1.67,176.4,178879450.0,44.7,0.1635662766147601,0.21129826001258956,0.4230303030303031,0.5529506871463218,0.37598604445027634
경남,사천시,15.03734610123119,1.818487684729064,174.5,318893.0,39.7,0.20972754740411925,0.25164988763403584,0.4,0.5125303152789006,0.3730953790961996
경남,밀양시,14.044969199178643,1.4079343365253076,182.5,1276591.0,21.9,0.3729974449002216,0.1400817407154294,0.49696969696969695,0.3686337914308811,0.37275486350790127
경북,포항시,15.733882030178329,3.3155219780219776,167.0,20326561.0,43.2,0.0951306140350171,0.6584699579295136,0.3090909090909091,0.5408245755860954,0.3725341920560765
전남,함평군,14.442669432918397,1.8447766310975016,185.25,806572.0,22.1,0.3075661795588329,0.25879392638953896,0.5303030303030303,0.370250606305578,0.372310095089441
광주,광산구,14.692032967032969,1.8101108033241,183.3,39968032.0,27.2,0.2665398733540597,0.2493734645104691,0.5066666666666668,0.4114793856103476,0.3708243960347372
울산,동구,15.006019151846784,3.076744186046512,172.6,28044597.0,28.5,0.21488158495202936,0.5935819332852771,0.3769696969696969,0.42198868229587716,0.3680120811264268
대구,북구,15.324897400820792,1.3,176.4,178879450.0,44.7,0.16241843419142643,0.11075051258709026,0.4230303030303031,0.5529506871463218,0.36558691698072626
전북,전주시,15.376607387140902,1.434794520547945,171.5,33777630.0,47.8,0.15391089623024734,0.14738101368545797,0.36363636363636365,0.5780113177041228,0.36484317004654193
경북,영천시,13.925943719972546,1.5145819819132291,186.5,2092011.0,12.1,0.39258000244384217,0.16906330966675087,0.5454545454545454,0.28940986257073564,0.3595351858190311
경남,의령군,14.441176470588236,2.0623803009575923,180.0,942436.0,16.9,0.3078118078136892,0.317927869189415,0.4666666666666667,0.32821341956345995,0.3487550304217656
경남,하동군,14.705426356589149,1.199810641471967,176.16666666666666,961346.0,31.0,0.2643363382501692,0.08352398740871331,0.4202020202020201,0.4421988682295877,0.3485732515481612
울산,울주군,15.266243131868134,2.789021160453628,172.6,28044597.0,28.5,0.1720684738686924,0.5153930086749695,0.3769696969696969,0.42198868229587716,0.34734925534039496
전남,영광군,15.465161596958175,2.3262788462233703,168.33333333333334,2570718.0,37.2,0.13934159626990938,0.38964247533898305,0.32525252525252535,0.49232012934519,0.3427452832034522
광주,서구,15.035408022130014,1.371625344352617,183.3,39968032.0,27.2,0.2100464080865212,0.13021474781203982,0.5066666666666668,0.4114793856103476,0.34196048478463276
강원,동해시,13.678042328042327,1.1252659574468085,149.25,9261517.0,33.8,0.43336575104991437,0.06326641967553685,0.09393939393939393,0.4648342764753436,0.3410579566605442
광주,북구,14.945327754532777,1.154869684499314,183.3,39968032.0,27.2,0.22486678130016902,0.07131125229858754,0.5066666666666668,0.4114793856103476,0.3405162471973819
전남,곡성군,14.22378551787351,1.300977187524771,183.83333333333337,226031.0,13.8,0.3435778544567557,0.11101606395040925,0.5131313131313135,0.30315278900565884,0.3380623409605939
광주,남구,14.939780521262003,0.8924554183813443,183.3,39968032.0,27.2,0.22577943475434847,0.0,0.5066666666666668,0.4114793856103476,0.33365891800377695
대구,동구,15.96470588235294,1.265389876880985,176.4,178879450.0,44.7,0.05715453195747522,0.10134518848510064,0.4230303030303031,0.5529506871463218,0.333067213900342
전남,영암군,14.811372007366485,2.019811132815978,179.83333333333334,835004.0,17.6,0.24690572745421424,0.3063596692801809,0.46464646464646475,0.3338722716248989,0.3311858867435349
경남,김해시,14.81006160164271,1.5928751420992802,175.0,21681030.0,22.0,0.24712132075123316,0.19033952830332174,0.40606060606060607,0.3694421988682296,0.3221593498151152
전남,순천시,14.84519890260631,1.7910382486704322,177.5,5016573.0,15.6,0.2413403886126969,0.24419048502918253,0.43636363636363634,0.31770412287793043,0.3111755415106268
경남,함안군,14.116381766381767,1.646099290780142,175.5,580642.0,7.0,0.36124835793228427,0.20480322629926906,0.4121212121212121,0.24818108326596602,0.310551505740241
울산,남구,15.655813953488371,2.1360881542699723,172.6,28044597.0,28.5,0.10797469258271819,0.33795802761679056,0.3769696969696969,0.42198868229587716,0.31037762284878473
전남,여수시,16.312098991750688,3.1620646777456733,159.91666666666666,424660.0,38.5,0.0,0.6167678339598357,0.22323232323232312,0.5028294260307195,0.307455018454736
경북,예천군,13.6621492128679,1.2722588685043943,186.25,-288024.0,-6.2,0.43598055121309376,0.10321184155217747,0.5424242424242425,0.14147130153597412,0.30618871861838404
전남,장성군,14.3986941580756,1.5442055756033062,184.75,-16784.0,-0.9,0.3148011712248987,0.17711354106184676,0.5242424242424243,0.18431689571544058,0.2907269486083154
전남,담양군,14.802291666666664,1.9153390705612023,173.25,182362.0,8.8,0.24839966216009368,0.27796931650014234,0.38484848484848483,0.26273241713823764,0.28437949412303437
경북,고령군,14.021703296703295,0.9397435897435898,183.0,-777338.0,-23.7,0.3768252461161181,0.012850592190121059,0.503030303030303,0.0,0.21493869365990817
