시도,시군구,위도,경도,사전필터
경북,영양군,36.625,129.088,통과
전남,영광군,35.2456847064394,126.18910421401516,통과
경북,울진군,36.90624,129.3624,통과
부산,기장군,35.2751,129.2511,통과
전북,남원시,35.3716,127.57829999999998,통과
충남,태안군,36.70802102409638,126.09009481927713,통과
경북,경주시,35.77444316251028,129.27921298986024,통과
강원,평창군,37.52485985576923,128.39601287774724,통과
전북,무주군,35.92099986244842,127.7281180192572,통과
전북,진안군,35.85693077274806,127.48165441243712,통과
전북,임실군,35.609311627906976,127.15782674418604,통과
경북,청송군,36.33625,129.01864999999998,통과
경북,상주시,36.40833055080397,127.9887068080739,통과
부산,사하구,35.09,128.9839,통과
전북,순창군,35.3818,127.03595,통과
충남,예산군,36.72317513736264,126.71166373626372,통과
충남,서산시,37.0106,126.3881,통과
전남,나주시,34.97666776406036,126.78210425240054,통과
충남,홍성군,36.54953079561043,126.47679410150891,통과
전남,구례군,35.259841889400924,127.52959714285716,통과
전북,김제시,35.836787357371065,126.76798343222272,통과
전북,장수군,35.5405,127.5463,통과
전남,함평군,35.119028375599726,126.58200020562028,통과
강원,춘천시,37.8919179513532,127.70613069544366,통과
전남,해남군,34.494525,126.54645,통과
충남,계룡시,36.328321130742054,127.2229402826855,통과
부산,서구,35.1188,129.0,통과
광주,광산구,35.1289,126.7452,통과
전북,익산시,36.01452196347032,126.98209840182648,통과
전북,군산시,35.93604883000688,126.3179732622161,통과
충남,보령시,36.29829053497942,126.30045404663925,통과
전남,영암군,34.80095427526292,126.64491202560583,통과
전남,강진군,34.57215479452055,126.77053821917808,통과
강원,홍천군,37.69611869353718,127.92667633773456,통과
강원,강릉시,37.77899353762136,128.89151162014562,통과
전남,보성군,34.83036666666666,127.19656666666666,통과
광주,동구,35.1256,126.9631,통과
충남,서천군,36.11833819301848,126.61623990417522,통과
충남,공주시,36.52479730347349,127.05942253199268,통과
전북,정읍시,35.57975,126.92095,통과
강원,양양군,38.05722156057495,128.6731201232033,통과
강원,정선군,37.33648050964187,128.6619070936639,통과
경북,영천시,36.066025890410955,128.8506329452055,통과
경남,합천군,35.57770467836257,128.1300894736842,통과
충남,논산시,36.172185909417685,127.09863551401868,통과
충북,청주시청원구,36.7246,127.4669,통과
전남,곡성군,35.23027570776255,127.22566287671232,통과
울산,남구,35.5048,129.386,통과
경남,산청군,35.2957940027416,127.84410877313228,통과
충남,당진시,36.884192876712326,126.720741369863,통과
충남,부여군,36.1319,126.8602,통과
강원,횡성군,37.49747950268817,128.07735456989246,통과
전남,장흥군,34.67709144827587,126.8777332413793,통과
전북,부안군,35.632875000000006,126.4906,통과
광주,남구,35.1008,126.8985,통과
부산,영도구,35.0661,129.0742,통과
강원,원주시,37.29238861607143,127.91167157738096,통과
전남,담양군,35.28968571428572,126.95605072463768,통과
경남,거창군,35.78,127.8183,통과
전남,장성군,35.26571874145007,126.68281326949383,통과
대구,군위군,36.23506017335767,128.57180729927006,통과
강원,영월군,37.1166,128.7744,통과
전남,무안군,34.95838393285372,126.38584652278178,통과
세종,전의면,36.6908,127.2005,통과
충북,청주시상당구,36.564825000000006,127.546125,통과
경북,문경시,36.74925,128.2092,통과
충남,청양군,36.40487273351648,126.86816552197804,통과
경북,의성군,36.39271794340925,128.62176763285024,통과
전북,고창군,35.482395136986305,126.51751006849314,통과
경남,고성군,35.0521,128.31895,통과
세종,연서면,36.5667,127.2806,통과
충북,보은군,36.5164,127.81560000000002,통과
전남,화순군,35.03417872049265,127.00249308929185,통과
경북,예천군,36.60345,128.42585,통과
세종,금남면,36.4585,127.2688,통과
경북,포항시북구,36.14626666666666,129.21103333333335,통과
대전,대덕구,36.4135,127.4382,통과
강원,속초시,38.19696366095582,128.5854604147881,통과
경북,영덕군,36.4355,129.3586,통과
경북,영주시,36.903,128.65195,통과
충북,진천군,36.927,127.44613488372092,통과
광주,북구,35.2303,126.8408,통과
경북,안동시,36.553775,128.747975,통과
전남,순천시,35.0021,127.47335,통과
부산,금정구,35.2932,129.1035,통과
경남,함양군,35.58198809034908,127.74697850787132,통과
세종,고운동,36.5308,127.2403,통과
광주,서구,35.1316,126.8813,통과
충남,아산시,36.791,126.93675,통과
경북,포항시남구,35.95585,129.46485,통과
충남,천안시,36.8906,127.1456,통과
대전,중구,36.2913,127.3959,통과
울산,동구,35.4868,129.4353,통과
대전,서구,36.3036,127.3628,통과
부산,남구,35.1186,129.0884,통과
충북,증평군,36.7956,127.562,통과
부산,부산진구,35.1589,129.0193,통과
대전,동구,36.3402,127.4938,통과
부산,해운대구,35.176697530864196,129.16147654320986,통과
부산,사상구,35.1694,128.9751,통과
부산,강서구,34.9931,128.8314,통과
충북,옥천군,36.33054544208361,127.70769081562716,통과
충북,제천시,36.98310195005132,128.11488949709204,통과
부산,동래구,35.2091,129.0901,통과
전남,고흥군,34.540625,127.327325,통과
충북,음성군,36.948350000000005,127.64605,통과
경북,봉화군,36.8932,128.716,통과
충북,단양군,37.0399,128.42024999999998,통과
경남,의령군,35.3326,128.2023,통과
전북,완주군,35.8575,127.17995,통과
강원,삼척시,37.32576356920684,129.22055194401244,통과
경남,진주시,35.2329,128.0423,통과
경남,사천시,34.9845,128.06539999999998,통과
경남,통영시,34.692845980707396,128.36385080385853,통과
충북,충주시,36.98616666666666,127.9037,통과
경남,하동군,35.0966,127.74723333333334,통과
울산,울주군,35.47625619863013,129.24955520547945,통과
경북,경산시,35.86838952054795,128.7786510958904,통과
경북,청도군,35.6666,128.81355,통과
경북,칠곡군,36.0513993583868,128.50029303391383,통과
울산,북구,35.65235078929307,129.4079864104324,통과
경남,양산시,35.4414,129.0429,통과
충북,괴산군,36.75318159443552,127.82707918673088,통과
강원,동해시,37.49943799472295,129.0914567282322,통과
충북,영동군,36.14234999999999,127.72005,통과
전남,광양시,35.038406639288155,127.59039466119096,통과
경북,김천시,36.02765,128.0672,통과
경남,밀양시,35.53425,128.9064,통과
경남,거제시,34.84843375818119,128.68824987943506,통과
부산,북구,35.213,129.0026,통과
전남,여수시,34.469467169638776,127.580869478738,통과
경남,김해시,35.3283,128.77025,통과
경북,포항시,36.076,129.5667,통과
대구,달성군,35.79973333333333,128.4386,통과
대구,북구,35.9084,128.5907,통과
경남,창원시,35.15396666666667,128.6035666666667,통과
대구,서구,35.8651,128.531,통과
경북,고령군,35.696,128.2821,통과
경남,함안군,35.2961,128.3994,통과
경북,구미시,36.2334,128.2903,통과
전북,전주시,35.8215,127.15500000000002,통과
대구,동구,35.8852,128.619,통과
경북,성주군,35.9255,128.2985,통과
경남,창녕군,35.44683333333333,128.52056666666667,통과
