시도,시군구,신재생발전량_GWh,신재생발전량_MWh,PPA가능용량_kW,신재생접근성_유효,시군구자급률
경북,영양군,735.059,735059.0,112320.93,8.31294107372757,6.374891223598143
전남,영광군,807.107,807107.0,96203.485,11.77789735575362,20.0
강원,화천군,313.93,313930.0,74589.73,7.909400581862589,2.5750407179516057
전남,신안군,1117.637,1117637.0,104959.14,2.7283672110731643,3.184702649347807
경북,울진군,119.35,119350.0,13184.81,21.103866773888942,20.0
부산,기장군,56.401,56401.0,19173.215,187.24061771213923,16.003781970271074
전북,남원시,632.253,632253.0,455478.768,11.773402644155455,0.9142347567564278
충남,태안군,1531.667,1531667.0,98112.495,20.57795752785453,1.5265517023255046
경북,경주시,356.24,356240.0,156104.815,23.661421076525503,16.868694769543783
강원,평창군,506.683,506683.0,114936.77,7.590093049200035,0.7917782686436441
강원,양구군,117.122,117122.0,83157.965,5.501769801327785,0.5483691129329673
강원,철원군,223.983,223983.0,96103.045,7.645182164334927,0.4482168239275371
전북,무주군,76.725,76725.0,66781.77,48.19223537491875,3.168486585740009
전북,진안군,340.529,340529.0,147813.085,10.174972999825089,1.5357610841039366
전북,임실군,282.934,282934.0,199478.75,10.671921302537456,0.963573082954044
경북,청송군,92.711,92711.0,30336.115,16.037308757896348,3.1955332529829628
경북,상주시,566.321,566321.0,357006.96,7.585227969258957,0.6712942464192673
부산,사하구,31.01,31010.0,6732.8,745.6543466647471,0.0132629340500677
전북,순창군,108.711,108711.0,106284.64,9.721113259893604,0.3882894743374664
충남,예산군,188.824,188824.0,150477.165,23.831096134706726,0.1342339993174471
충남,서산시,1806.123,1806123.0,192637.805,150.4877131844591,0.1842062869905814
전남,나주시,535.092,535092.0,356235.485,7.079790523987521,0.3783249696823788
충남,홍성군,228.34,228340.0,134861.265,38.387674814837446,0.2027061978729413
전남,구례군,25.489,25489.0,7859.255,12.015961214794109,0.133889714460709
전북,김제시,712.102,712102.0,543518.707,16.815767448127353,0.6084068508343065
전북,장수군,281.719,281719.0,164003.33,11.974728213238464,1.2519010993554402
전남,함평군,130.981,130981.0,109756.445,10.239144502456822,0.2972501104767738
강원,인제군,148.878,148878.0,103402.745,6.465798878150598,0.4276059602373675
강원,춘천시,864.416,864416.0,53752.98,10.042771370785731,0.6379004074861678
전남,해남군,830.144,830144.0,279189.09,2.975020651043449,1.046162910033782
충남,계룡시,4.632,4632.0,1543.495,12.496401879860672,0.0150364163695881
부산,서구,4.198,4198.0,,154.0190317551697,0.0065178113751443
광주,광산구,327.599,327599.0,207456.295,50.89890577549209,0.0880370018713469
전북,익산시,1009.565,1009565.0,601624.691,18.467938340709537,0.3234319763319396
전북,군산시,4391.704,4391704.0,217348.68,11.613192178685908,0.7059548987997848
충남,보령시,402.924,402924.0,134026.417,26.030718747691772,0.2601783992485694
전남,영암군,683.193,683193.0,307639.615,4.821875725019286,0.5238900095519501
전남,강진군,284.582,284582.0,137140.455,3.513747050267468,0.689267713544696
강원,홍천군,194.1,194100.0,130199.846,7.599762725075077,0.2577760715123785
강원,강릉시,1814.845,1814845.0,69793.075,34.11998957668741,0.8727178136079421
전남,보성군,239.397,239397.0,139883.09,6.857652443645112,0.7595737592114796
광주,동구,17.53,17530.0,2314.855,12.17077761319873,0.0261358574311728
충남,서천군,248.946,248946.0,154815.94,27.18929811303169,0.2124030762186357
충남,공주시,248.333,248333.0,179740.501,15.327802897720948,0.2071404787042295
전북,정읍시,731.504,731504.0,444023.085,20.442581326441484,0.5219922179653087
강원,양양군,37.954,37954.0,10823.085,17.681494165477968,2.8021595007439632
강원,정선군,169.364,169364.0,32631.02,9.506232002287597,0.2704474454331831
경북,영천시,245.844,245844.0,187741.06,7.226721346273298,0.1562582611018911
강원,고성군,166.429,166429.0,90570.14,3.43838457300136,0.4583491686170032
경남,합천군,438.046,438046.0,151977.92,9.431339130308602,1.0616184741846153
충남,논산시,432.054,432054.0,318763.945,12.31571192870911,0.293203050110871
충북,청주시청원구,376.8655,0.0,,16.714311162360538,0.0617414720589334
전남,곡성군,97.471,97471.0,67719.58,8.5656194117082,0.2202133542089927
울산,남구,83.304,83304.0,8525.18,801.6444953514643,0.0054510407619896
경남,산청군,130.629,130629.0,65618.995,31.526892459239097,2.4879381300963503
충남,당진시,2310.393,2310393.0,139067.805,59.31027804099399,0.3438871615296414
충남,부여군,313.042,313042.0,191506.5,16.48048702426698,0.4556647136120302
강원,횡성군,172.31,172310.0,55289.44,7.575176441226142,0.2466166866294604
전남,장흥군,194.465,194465.0,115830.18,4.371205718598526,0.5059556915661217
전북,부안군,321.417,321417.0,203958.08,16.316232914508944,0.6276798047051221
광주,남구,30.416,30416.0,6352.74,17.60252379810225,0.0378712295495189
부산,영도구,7.21,7210.0,653.83,49.872437273990826,0.0139233172088124
강원,원주시,218.941,218941.0,106522.044,10.478979579442784,0.0801327961044011
전남,담양군,75.59,75590.0,82971.61,10.776456319133246,0.1370037565889943
경남,거창군,211.559,211559.0,128882.525,8.812304004439849,0.4440081575656317
전남,장성군,172.145,172145.0,116318.58,15.031494777056729,0.3090044483213777
대구,군위군,216.715,216715.0,106581.835,6.2051567359755815,0.6668333829613395
강원,영월군,337.602,337602.0,55202.43,9.879223102184346,0.3269882127597996
전남,무안군,455.989,455989.0,143461.17,5.972226986433853,0.5750766168718933
세종,전의면,42.889,0.0,,14.577803631548704,0.0413221087257485
충북,청주시상당구,376.8655,0.0,,14.083220992561326,0.0617414720589334
경북,문경시,245.61,245610.0,100268.39,9.002956405298889,0.3937683917903441
충남,청양군,90.375,90375.0,54584.695,16.23047293644769,0.2459111479309523
전남,진도군,151.913,151913.0,93094.985,2.2712178077769014,0.4149995416272927
경북,의성군,406.046,406046.0,235106.185,6.843087558481841,0.8650190264731791
전북,고창군,502.22,502220.0,212180.505,49.70162874126213,0.7312799990230185
경남,고성군,314.066,314066.0,46480.224,12.429195080386986,0.4283339972865342
세종,연서면,42.889,0.0,,40.51756687231656,0.0413221087257485
충북,보은군,185.221,185221.0,105880.0,10.584771975322932,0.4454259934575302
전남,화순군,340.283,340283.0,165464.905,7.775358805758018,0.6062721508066267
경북,예천군,244.127,244127.0,183439.171,12.191668753824729,0.5907102224614742
세종,금남면,42.889,0.0,,123.6137482778869,0.0413221087257485
경북,포항시북구,121.5135,0.0,,7.813661423238622,0.0232061785609789
대전,대덕구,65.481,65481.0,18120.03,12.353968283606646,0.0247391083717884
강원,속초시,20.489,20489.0,5910.44,8.299534398025768,0.0341195558763205
경북,영덕군,262.59,262590.0,124703.75,7.951031923535765,0.8828670327373611
경북,영주시,278.055,278055.0,175843.172,8.433707453416165,0.1602007052834105
충북,진천군,163.668,163668.0,87850.159,23.923941221893696,0.0530880444334359
광주,북구,75.583,75583.0,36181.74,47.65694221860173,0.0305758182115531
경북,안동시,515.497,515497.0,230189.15,7.79257608982555,0.4148356875689334
전남,순천시,480.685,480685.0,194701.125,17.85329382714807,0.207753679634104
경남,남해군,106.977,106977.0,55096.25,16.904597337671454,0.3765103334184359
부산,금정구,19.534,19534.0,1936.385,46.65081661251923,0.0176518220801012
경남,함양군,100.161,100161.0,72733.255,8.46505089582197,0.337999488470418
세종,고운동,42.889,0.0,,41.46823126381498,0.0413221087257485
광주,서구,144.515,144515.0,12939.25,24.9770852467083,0.0862085598617373
충남,아산시,267.509,267509.0,152320.724,24.3996435352852,0.0202907805405718
경북,포항시남구,121.5135,0.0,,15.422468132207287,0.0232061785609789
충남,천안시,266.697,266697.0,,20.293839738248888,0.029500650654069
대전,중구,11.853,11853.0,2912.37,10.467387719104336,0.0119033391378907
울산,동구,6.988,6988.0,962.53,170.22410029737577,0.0043070683158836
대전,서구,22.053,22053.0,6095.325,10.776241109421958,0.0108525107408595
부산,남구,15.993,15993.0,1736.4,42.35073571697448,0.0104547980374336
충북,증평군,42.955,42955.0,28908.81,27.81426853699015,0.0787566005085492
부산,부산진구,6.687,6687.0,641.46,46.07715347523351,0.0036695992794019
대전,동구,16.655,16655.0,7316.665,12.179981749762028,0.0170977652155268
부산,해운대구,240.126,240126.0,1517.575,35.96105756007135,0.1261393052248266
부산,사상구,10.045,10045.0,3290.72,43.2794571880178,0.0065272280889483
부산,강서구,313.979,313979.0,78240.12,13.392559346128856,0.0700490730926779
충북,옥천군,184.079,184079.0,140520.264,13.960379874658422,0.2761890291495232
충북,제천시,143.35,143350.0,77448.15,11.615012631909336,0.087799917405359
부산,동래구,7.777,7777.0,1114.91,37.76126856066899,0.0073175492037484
전남,고흥군,637.149,637149.0,200625.79,5.175855717474172,1.102654565034445
충북,음성군,389.028,389028.0,151672.716,16.33152640075157,0.115617513599899
경북,봉화군,218.944,218944.0,138134.98,8.167567772820977,0.1493130579789061
충북,단양군,113.783,113783.0,53447.475,11.149537327170838,0.0674581878490536
경남,의령군,141.268,141268.0,60291.871,9.662552474522592,0.3613870044897554
전북,완주군,356.257,356257.0,247974.015,14.678561852004004,0.1915339160739526
강원,삼척시,338.685,338685.0,70607.245,40.00982012436225,0.224746160911906
경남,진주시,191.247,191247.0,95809.345,12.82471725849584,0.0686709230830386
경남,사천시,150.288,150288.0,77301.775,50.56480697850051,0.1020004511345408
경북,울릉군,4.963,4963.0,,1.2827410507393422,0.0654390159596437
경남,통영시,54.109,54109.0,5389.555,7.976265248376067,0.0501118778768359
충북,충주시,989.512,989512.0,110811.31,21.49612607610075,0.3401051151489393
경남,하동군,422.445,422445.0,107098.61,28.231402869917147,0.8624370687054184
울산,울주군,397.264,397264.0,51848.21,70.39250832918391,0.8928356923991775
경북,경산시,184.984,184984.0,142196.184,8.74551081541487,0.065383879999763
경북,청도군,52.769,52769.0,42419.145,10.582161445009229,0.1058322835977088
경북,칠곡군,168.539,168539.0,110375.135,6.550865093444818,0.0885852856455107
울산,북구,197.973,197973.0,15580.61,73.74117136940494,0.0791082143262448
경남,양산시,172.015,172015.0,33006.465,29.84911184375674,0.0445323197143785
충북,괴산군,164.762,164762.0,92909.545,9.805825777162614,0.2962419776555194
강원,동해시,411.03,411030.0,10428.04,77.22523656333534,0.2382408750065739
충북,영동군,128.191,128191.0,80340.56,13.464845809431743,0.278437945035132
전남,광양시,218.639,218639.0,93872.0703,24.91242569877688,0.0581104577030749
경북,김천시,360.073,360073.0,209361.9825,7.075146483427514,0.1426829050619722
경남,밀양시,129.563,129563.0,77421.249,19.018544387689296,0.5114204976702612
경남,거제시,48.703,48703.0,10489.72,7.443057107340162,0.0214667069732817
부산,북구,8.399,8399.0,553.45,32.435062717774855,0.0089756850732508
전남,완도군,154.21,154210.0,63946.04,2.4766029660959528,0.1384470157547344
전남,여수시,512.557,512557.0,78283.7,5.588628250484888,0.0341861277990218
경남,김해시,176.244,176244.0,117140.275,17.435119816323947,0.0315663302930923
경북,포항시,243.027,243027.0,,8.840766970113487,0.0232061785609789
대구,달성군,139.451,139451.0,86363.405,11.419915929159291,0.0324165400336415
대구,북구,37.952,37952.0,26852.41,19.170038185401108,0.0160289364808542
경남,창원시,269.347,269347.0,,9.876912825046958,0.0252957036121715
대구,서구,11.364,11364.0,9654.59,21.11531330525152,0.0117349025416292
경북,고령군,66.401,66401.0,53983.08,7.276186336503002,0.0555108030597006
경남,함안군,184.124,184124.0,80472.4,8.694399961103645,0.0627135986959081
경북,구미시,317.991,317991.0,182753.02,6.209772484903102,0.0341751171566195
전북,전주시,453.427,453427.0,,11.21521971509863,0.0996405866884471
대구,동구,35.722,35722.0,13803.43,16.77903628272236,0.0215194804415968
경북,성주군,114.908,114908.0,79256.93,6.7425339840629,0.1081246041194211
경남,창녕군,131.575,131575.0,86544.429,9.095222173722556,0.1216669931740558
제주,서귀포시,1645.485,1645485.0,64114.08,3.17812719664776,0.6737339108869176
제주,제주시,1359.575,1359575.0,50987.55,3.0266543482825057,0.3621458285948487
