시도,시군구,대표변전소명,송전망여유량_2032,전력공급여유량_2032,전력가용량_MAX
강원특별자치도,강릉시,옥계(건설중),1330.0,815.0,1083950.0
강원특별자치도,고성군,옥계(건설중),1330.0,815.0,1083950.0
강원특별자치도,동해시,옥계(건설중),1330.0,815.0,1083950.0
강원특별자치도,삼척시,옥계(건설중),1330.0,815.0,1083950.0
강원특별자치도,속초시,옥계(건설중),1330.0,815.0,1083950.0
강원특별자치도,양구군,옥계(건설중),1330.0,815.0,1083950.0
강원특별자치도,양양군,옥계(건설중),1330.0,815.0,1083950.0
강원특별자치도,영월군,신제천,1850.0,1095.0,2025750.0
강원특별자치도,원주시,신제천,1850.0,1095.0,2025750.0
강원특별자치도,인제군,신제천,1850.0,1095.0,2025750.0
강원특별자치도,정선군,신제천,1850.0,1095.0,2025750.0
강원특별자치도,철원군,신제천,1850.0,1095.0,2025750.0
강원특별자치도,춘천시,신양양,1500.0,610.0,915000.0
강원특별자치도,태백시,신양양,1500.0,610.0,915000.0
강원특별자치도,평창군,동해,980.0,225.0,220500.0
강원특별자치도,홍천군,신양양,1500.0,610.0,915000.0
강원특별자치도,화천군,신양양,1500.0,610.0,915000.0
강원특별자치도,횡성군,신제천,1850.0,1095.0,2025750.0
경기도,가평군,내촌,1075.0,240.0,258000.0
경기도,고양시덕양구,금촌,1045.0,130.0,135850.0
경기도,고양시일산동구,신덕은,445.0,65.0,28925.0
경기도,고양시일산서구,신덕은,445.0,65.0,28925.0
경기도,과천시,신덕은,445.0,65.0,28925.0
경기도,광명시,신덕은,445.0,65.0,28925.0
경기도,광주시,오천,535.0,100.0,53500.0
경기도,구리시,미금,1000.0,255.0,255000.0
경기도,군포시,서서울#2,1825.0,500.0,912500.0
경기도,김포시,걸포(건설중),595.0,0.0,0.0
경기도,남양주시,회천,1185.0,330.0,391050.0
경기도,동두천시,회천,1185.0,330.0,391050.0
경기도,부천시소사구,회천,1185.0,330.0,391050.0
경기도,부천시오정구,회천,1185.0,330.0,391050.0
경기도,부천시원미구,회천,1185.0,330.0,391050.0
경기도,성남시분당구,회천,1185.0,330.0,391050.0
경기도,성남시수정구,회천,1185.0,330.0,391050.0
경기도,성남시중원구,회천,1185.0,330.0,391050.0
경기도,수원시권선구,서서울#2,1825.0,500.0,912500.0
경기도,수원시영통구,서서울#2,1825.0,500.0,912500.0
경기도,수원시장안구,서서울#2,1825.0,500.0,912500.0
경기도,수원시팔달구,서서울#2,1825.0,500.0,912500.0
경기도,시흥시,서서울#2,1825.0,500.0,912500.0
경기도,안산시단원구,성포,1280.0,500.0,640000.0
경기도,안산시상록구,서서울#2,1825.0,500.0,912500.0
경기도,안성시,원곡,660.0,225.0,148500.0
경기도,안양시동안구,안양2C/C,1130.0,400.0,452000.0
경기도,안양시만안구,서서울#2,1825.0,500.0,912500.0
경기도,양주시,옥정,975.0,300.0,292500.0
경기도,양평군,지제,1115.0,750.0,836250.0
경기도,여주시,지제,1115.0,750.0,836250.0
경기도,연천군,지제,1115.0,750.0,836250.0
경기도,오산시,삼미,1175.0,300.0,352500.0
경기도,용인시기흥구,죽전,595.0,50.0,29750.0
경기도,용인시수지구,신성남#2,935.0,300.0,280500.0
경기도,용인시처인구,고림(건설중),1195.0,200.0,239000.0
경기도,의왕시,안양2C/C,1130.0,400.0,452000.0
경기도,의정부시,오천,535.0,100.0,53500.0
경기도,이천시,오천,535.0,100.0,53500.0
경기도,파주시,용정,975.0,235.0,229125.0
경기도,평택시,동평택(SA),1040.0,0.0,0.0
경기도,포천시,운천,1145.0,620.0,709900.0
경기도,하남시,가락,0.0,0.0,0.0
경기도,화성시,남양,1345.0,500.0,672500.0
경상남도,거제시,마도,1185.0,550.0,651750.0
경상남도,거창군,의령,1445.0,475.0,686375.0
경상남도,고성군,마도,1185.0,550.0,651750.0
경상남도,김해시,신김해,1235.0,450.0,555750.0
경상남도,남해군,신김해,1235.0,450.0,555750.0
경상남도,밀양시,신김해,1235.0,450.0,555750.0
경상남도,사천시,신고성,1015.0,310.0,314650.0
경상남도,산청군,의령,1445.0,475.0,686375.0
경상남도,양산시,진영,1205.0,255.0,307275.0
경상남도,의령군,의령,1445.0,475.0,686375.0
경상남도,진주시,의령,1445.0,475.0,686375.0
경상남도,창녕군,유가,1900.0,530.0,1007000.0
경상남도,창원시마산합포구,의령,1445.0,475.0,686375.0
경상남도,창원시마산회원구,의령,1445.0,475.0,686375.0
경상남도,창원시성산구,신김해,1235.0,450.0,555750.0
경상남도,창원시의창구,내곡(건설중),1110.0,530.0,588300.0
경상남도,창원시진해구,신김해,1235.0,450.0,555750.0
경상남도,통영시,신고성,1015.0,310.0,314650.0
경상남도,하동군,진영,1205.0,255.0,307275.0
경상남도,함안군,칠서,1260.0,455.0,573300.0
경상남도,함양군,의령,1445.0,475.0,686375.0
경상남도,합천군,의령,1445.0,475.0,686375.0
경상북도,경산시,와촌E/C,1160.0,675.0,783000.0
경상북도,경주시,신영일,1470.0,560.0,823200.0
경상북도,고령군,왕신,580.0,620.0,359600.0
경상북도,구미시,왕신,580.0,620.0,359600.0
경상북도,김천시,선산,645.0,565.0,364425.0
경상북도,문경시,예천,680.0,600.0,408000.0
경상북도,봉화군,삼척G/P,610.0,865.0,527650.0
경상북도,상주시,선산,645.0,565.0,364425.0
경상북도,성주군,아화,750.0,535.0,401250.0
경상북도,안동시,선산,645.0,565.0,364425.0
경상북도,영덕군,삼척G/P,610.0,865.0,527650.0
경상북도,영양군,진보,630.0,715.0,450450.0
경상북도,영주시,아화,750.0,535.0,401250.0
경상북도,영천시,청통,1200.0,685.0,822000.0
경상북도,예천군,청통,1200.0,685.0,822000.0
경상북도,울릉군,청통,1200.0,685.0,822000.0
경상북도,울진군,청통,1200.0,685.0,822000.0
경상북도,의성군,청통,1200.0,685.0,822000.0
경상북도,청도군,대구,2385.0,395.0,942075.0
경상북도,청송군,청통,1200.0,685.0,822000.0
경상북도,칠곡군,청통,1200.0,685.0,822000.0
경상북도,포항시남구,신포항,2205.0,830.0,1830150.0
경상북도,포항시북구,흥해,1920.0,640.0,1228800.0
광주광역시,광산구,진영,1205.0,255.0,307275.0
광주광역시,남구,진영,1205.0,255.0,307275.0
광주광역시,동구,진영,1205.0,255.0,307275.0
광주광역시,북구,진영,1205.0,255.0,307275.0
광주광역시,서구,진영,1205.0,255.0,307275.0
대구광역시,군위군,선산,645.0,565.0,364425.0
대구광역시,남구,대구,2385.0,395.0,942075.0
대구광역시,달서구,대구,2385.0,395.0,942075.0
대구광역시,달성군,유가,1900.0,530.0,1007000.0
대구광역시,동구,대구,2385.0,395.0,942075.0
대구광역시,북구,대구,2385.0,395.0,942075.0
대구광역시,서구,대구,2385.0,395.0,942075.0
대구광역시,수성구,대구,2385.0,395.0,942075.0
대구광역시,중구,대구,2385.0,395.0,942075.0
대전광역시,대덕구,신옥천,1840.0,800.0,1472000.0
대전광역시,동구,신옥천,1840.0,800.0,1472000.0
대전광역시,서구,신옥천,1840.0,800.0,1472000.0
대전광역시,유성구,신옥천,1840.0,800.0,1472000.0
대전광역시,중구,신옥천,1840.0,800.0,1472000.0
부산광역시,강서구,김해(SA),570.0,100.0,57000.0
부산광역시,금정구,어방,675.0,10.0,6750.0
부산광역시,기장군,어방,675.0,10.0,6750.0
부산광역시,남구,어방,675.0,10.0,6750.0
부산광역시,동구,어방,675.0,10.0,6750.0
부산광역시,동래구,어방,675.0,10.0,6750.0
부산광역시,부산진구,개금,440.0,0.0,0.0
부산광역시,북구,구포,1475.0,0.0,0.0
부산광역시,사상구,개금,440.0,0.0,0.0
부산광역시,사하구,다대,730.0,0.0,0.0
부산광역시,서구,부민,650.0,0.0,0.0
부산광역시,수영구,대연,780.0,0.0,0.0
부산광역시,연제구,미남,825.0,0.0,0.0
부산광역시,영도구,서부산,565.0,0.0,0.0
부산광역시,중구,서부산,565.0,0.0,0.0
부산광역시,해운대구,명장(SA),1610.0,0.0,0.0
서울특별시,강남구,도곡,1020.0,615.0,627300.0
서울특별시,강동구,선릉,680.0,185.0,125800.0
서울특별시,강북구,선릉,680.0,185.0,125800.0
서울특별시,강서구,선릉,680.0,185.0,125800.0
서울특별시,관악구,신문래,2305.0,600.0,1383000.0
서울특별시,광진구,미금,1000.0,255.0,255000.0
서울특별시,구로구,신문래,2305.0,600.0,1383000.0
서울특별시,금천구,가산,385.0,0.0,0.0
서울특별시,노원구,미금,1000.0,255.0,255000.0
서울특별시,도봉구,중계,555.0,305.0,169275.0
서울특별시,동대문구,성동,2310.0,0.0,0.0
서울특별시,동작구,신문래,2305.0,600.0,1383000.0
서울특별시,마포구,마곡,850.0,160.0,136000.0
서울특별시,서대문구,현저,750.0,195.0,146250.0
서울특별시,서초구,개포,790.0,0.0,0.0
서울특별시,성동구,미금,1000.0,255.0,255000.0
서울특별시,성북구,미금,1000.0,255.0,255000.0
서울특별시,송파구,가락,0.0,0.0,0.0
서울특별시,양천구,신문래,2305.0,600.0,1383000.0
서울특별시,영등포구,신문래,2305.0,600.0,1383000.0
서울특별시,용산구,여의,460.0,275.0,126500.0
서울특별시,은평구,여의,460.0,275.0,126500.0
서울특별시,종로구,여의,460.0,275.0,126500.0
서울특별시,중구,여의,460.0,275.0,126500.0
서울특별시,중랑구,상봉,1265.0,260.0,328900.0
세종특별자치시,세종시,여의,460.0,275.0,126500.0
울산광역시,남구,여의,460.0,275.0,126500.0
울산광역시,동구,여의,460.0,275.0,126500.0
울산광역시,북구,여의,460.0,275.0,126500.0
울산광역시,울주군,당월,655.0,0.0,0.0
울산광역시,중구,북울산,0.0,0.0,0.0
인천광역시,강화군,강화,675.0,0.0,0.0
인천광역시,계양구,경서2/S(건설중),1130.0,0.0,0.0
인천광역시,남동구,고잔,615.0,0.0,0.0
인천광역시,동구,만수,555.0,0.0,0.0
인천광역시,미추홀구,관교,500.0,0.0,0.0
인천광역시,부평구,갈산,2285.0,0.0,0.0
인천광역시,서구,경서,1570.0,0.0,0.0
인천광역시,연수구,남동,1170.0,0.0,0.0
인천광역시,옹진군,동송도,1040.0,0.0,0.0
인천광역시,중구,남인천,770.0,0.0,0.0
전라남도,강진군,송월,640.0,0.0,0.0
전라남도,고흥군,고옥,0.0,1310.0,0.0
전라남도,곡성군,순창,375.0,395.0,148125.0
전라남도,광양시,광양,0.0,0.0,0.0
전라남도,구례군,광양,0.0,0.0,0.0
전라남도,나주시,154KV 나주,0.0,0.0,0.0
전라남도,담양군,계림,0.0,0.0,0.0
전라남도,목포시,목포,0.0,500.0,0.0
전라남도,무안군,남악,0.0,820.0,0.0
전라남도,보성군,광양,0.0,0.0,0.0
전라남도,순천시,광양,0.0,0.0,0.0
전라남도,신안군,북항,0.0,920.0,0.0
전라남도,여수시,소라,0.0,0.0,0.0
전라남도,영광군,고창#2(건설중),0.0,1320.0,0.0
전라남도,영암군,남악,0.0,820.0,0.0
전라남도,완도군,고흥,0.0,0.0,0.0
전라남도,장성군,덕림,0.0,835.0,0.0
전라남도,장흥군,보성,0.0,930.0,0.0
전라남도,진도군,신강진,0.0,2400.0,0.0
전라남도,함평군,덕림,0.0,835.0,0.0
전라남도,해남군,남창,0.0,1620.0,0.0
전라남도,화순군,신경서,1570.0,0.0,0.0
전북특별자치도,고창군,신김제,1300.0,325.0,422500.0
전북특별자치도,군산시,신김제,1300.0,325.0,422500.0
전북특별자치도,김제시,신김제,1300.0,325.0,422500.0
전북특별자치도,남원시,신김제,1300.0,325.0,422500.0
전북특별자치도,무주군,신김제,1300.0,325.0,422500.0
전북특별자치도,부안군,신김제,1300.0,325.0,422500.0
전북특별자치도,순창군,신김제,1300.0,325.0,422500.0
전북특별자치도,완주군,완산,1205.0,450.0,542250.0
전북특별자치도,익산시,낭산,1050.0,940.0,987000.0
전북특별자치도,임실군,장수#2(건설중),855.0,895.0,765225.0
전북특별자치도,장수군,장수#2(건설중),855.0,895.0,765225.0
전북특별자치도,전주시덕진구,북김제(건설중),940.0,545.0,512300.0
전북특별자치도,전주시완산구,완산,1205.0,450.0,542250.0
전북특별자치도,정읍시,정공,1020.0,795.0,810900.0
전북특별자치도,진안군,신김제,1300.0,325.0,422500.0
제주특별자치도,서귀포시,신김제,1300.0,325.0,422500.0
제주특별자치도,제주시,신김제,1300.0,325.0,422500.0
충청남도,계룡시,전주,270.0,690.0,186300.0
충청남도,공주시,전주,270.0,690.0,186300.0
충청남도,금산군,신옥천,1840.0,800.0,1472000.0
충청남도,논산시,전주,270.0,690.0,186300.0
충청남도,당진시,서군산,705.0,105.0,74025.0
충청남도,보령시,서군산,705.0,105.0,74025.0
충청남도,부여군,신옥천,1840.0,800.0,1472000.0
충청남도,서산시,서군산,705.0,105.0,74025.0
충청남도,서천군,신옥천,1840.0,800.0,1472000.0
충청남도,아산시,둔포,0.0,0.0,0.0
충청남도,예산군,서예산(건설중),0.0,370.0,0.0
충청남도,천안시동남구,신진천,1675.0,655.0,1097125.0
충청남도,천안시서북구,신진천,1675.0,655.0,1097125.0
충청남도,청양군,신옥천,1840.0,800.0,1472000.0
충청남도,태안군,신진천,1675.0,655.0,1097125.0
충청남도,홍성군,신진천,1675.0,655.0,1097125.0
충청북도,괴산군,신충주,1645.0,745.0,1225525.0
충청북도,단양군,신제천,1850.0,1095.0,2025750.0
충청북도,보은군,신옥천,1840.0,800.0,1472000.0
충청북도,영동군,신옥천,1840.0,800.0,1472000.0
충청북도,옥천군,신옥천,1840.0,800.0,1472000.0
충청북도,음성군,신충주,1645.0,745.0,1225525.0
충청북도,제천시,신제천,1850.0,1095.0,2025750.0
충청북도,증평군,신충주,1645.0,745.0,1225525.0
충청북도,진천군,신진천,1675.0,655.0,1097125.0
충청북도,청주시상당구,음성,815.0,560.0,456400.0
충청북도,청주시서원구,음성,815.0,560.0,456400.0
충청북도,청주시청원구,신진천,1675.0,655.0,1097125.0
충청북도,청주시흥덕구,신진천,1675.0,655.0,1097125.0
충청북도,충주시,신충주,1645.0,745.0,1225525.0
